AALII,AALST,AALTO,AARON,ABACA,ABACK,ABAFF,ABAFT,ABAMA,ABAMP,ABASE,ABASH,ABASK,ABATE,ABAVE,ABAYA,ABAZE,ABBAS,ABBEY,ABBIE,ABBOT,ABDAL,ABDAT,ABEAM,ABEAR,ABELE,ABHOR,ABIDE,ABIDI,ABIES,ABILA,ABILO,ABKAR,ABLER,ABLOW,ABMHO,ABNER,ABNET,ABODE,ABODY,ABOHM,ABOIL,ABOMA,ABOON,ABORD,ABORT,ABOUT,ABOVE,ABRAM,ABRET,ABRIM,ABRIN,ABRUS,ABSIT,ABUJA,ABUNA,ABURA,ABUSE,ABUTA,ABUZZ,ABWAB,ABYLA,ABYSM,ABYSS,ACANA,ACAPU,ACARA,ACARI,ACATE,ACCHO,ACCOY,ACCRA,ACEDY,ACERB,ACHAR,ACHEN,ACHER,ACHOR,ACIER,ACKEE,ACKER,ACKEY,ACLYS,ACMIC,ACNED,ACOCK,ACOIN,ACOLD,ACOMA,ACONE,ACORN,ACRAB,ACRED,ACRES,ACRID,ACRIS,ACROA,ACRON,ACRUX,ACRYL,ACTIN,ACTON,ACTOR,ACUAN,ACUTE,ADAGE,ADAMS,ADANA,ADAPA,ADAPT,ADATI,ADAWE,ADAWN,ADAYS,ADDAX,ADDED,ADDER,ADDIE,ADDLE,ADEAD,ADEEM,ADEEP,ADELA,ADEPT,ADFIX,ADIEL,ADIEU,ADIGE,ADION,ADIOS,ADITI,ADJAG,ADLAI,ADLAY,ADLET,ADMAN,ADMIT,ADMIX,ADNEX,ADOBE,ADOBO,ADOPT,ADORE,ADORN,ADOWN,ADOXA,ADOXY,ADOZE,ADPAO,ADRIP,ADROP,ADRUE,ADULT,ADUNC,ADUSK,ADUST,ADVIL,ADYTA,ADZER,AEDES,AEGIR,AEGIS,AEGLE,AEQUI,AERIC,AERIE,AESIR,AESOP,AEVIA,AFACE,AFARA,AFEAR,AFFIX,AFIFI,AFIRE,AFISR,AFLAT,AFLOW,AFOAM,AFOOT,AFORE,AFOUL,AFRET,AFRIC,AFSPC,AFTER,AGADE,AGAIN,AGAMA,AGAMI,AGAMY,AGAPE,AGASP,AGATE,AGATY,AGAVE,AGAZE,AGENA,AGENE,AGENT,AGGER,AGGIE,AGGRO,AGGRY,AGGUR,AGHAN,AGIEL,AGILE,AGING,AGISM,AGIST,AGLET,AGLEY,AGLOW,AGNEL,AGNES,AGNUS,AGOGE,AGOHO,AGONE,AGONY,AGORA,AGRAH,AGRAL,AGREE,AGRIA,AGRIN,AGROM,AGSAM,AGUEY,AGUSH,AGUST,AHEAD,AHEAP,AHIND,AHINT,AHMED,AHMET,AHONG,AHSAN,AHULL,AHUNT,AHURA,AHUSH,AHWAL,AIDED,AIDER,AIDES,AIKEN,AILEY,AILIE,AILLT,AIMAK,AIMEE,AIMER,AINOI,AIOLI,AIRAN,AIRED,AIRER,AISLE,AITCH,AIWAN,AIZLE,AJAIA,AJAJA,AJARI,AJAVA,AJHAR,AJUGA,AKABA,AKALA,AKALI,AKASA,AKEBI,AKEKI,AKKAD,AKNEE,AKPEK,AKRON,AKULE,AKUND,ALACK,ALADA,ALAIN,ALAKI,ALALA,ALAMO,ALAND,ALANI,ALANS,ALARM,ALARY,ALATE,ALAWI,ALBAN,ALBEE,ALBIN,ALBUM,ALBUS,ALBYN,ALCAE,ALCEA,ALCES,ALCOR,ALDER,ALDIM,ALDOL,ALDUS,ALEAK,ALECK,ALEFT,ALEPH,ALERT,ALEUT,ALEVE,ALFET,ALFUR,ALGAE,ALGAL,ALGER,ALGIC,ALGID,ALGIN,ALGOL,ALGOR,ALGUM,ALIAS,ALIBI,ALICE,ALICK,ALIDA,ALIDS,ALIEN,ALIGN,ALIKE,ALIMA,ALINE,ALISH,ALISO,ALISP,ALIST,ALITE,ALIVE,ALKES,ALKYD,ALKYL,ALLAH,ALLAN,ALLAY,ALLEN,ALLER,ALLEY,ALLIE,ALLIS,ALLOT,ALLOW,ALLOY,ALLYL,ALMAN,ALMON,ALMUD,ALMUG,ALNUS,ALODY,ALOED,ALOES,ALOFT,ALOGY,ALOHA,ALOID,ALOIN,ALOIS,ALOMA,ALONE,ALONG,ALOOF,ALOSA,ALOSE,ALOUD,ALOWE,ALPAX,ALPEN,ALPHA,ALPID,ALTAR,ALTER,ALTHO,ALTIN,ALTUN,ALUCO,ALULA,ALURE,ALUTA,ALVAH,ALVAN,ALVAR,ALVIN,ALVUS,ALWAY,AMAAS,AMADI,AMAGA,AMAIN,AMALA,AMANG,AMANI,AMAPA,AMARA,AMASS,AMATI,AMAZE,AMBAN,AMBAR,AMBAY,AMBER,AMBIT,AMBLE,AMBON,AMBOS,AMBRY,AMEBA,AMEED,AMEEN,AMEER,AMELU,AMEND,AMENE,AMENT,AMHAR,AMICE,AMIDE,AMIDO,AMIGO,AMINE,AMINI,AMINO,AMISH,AMISS,AMITA,AMITY,AMMAN,AMMER,AMNIA,AMNIC,AMNIO,AMOKE,AMOLE,AMONG,AMORA,AMORT,AMOUR,AMOVE,AMPER,AMPLE,AMPLY,AMPUL,AMPYX,AMSEL,AMUCK,AMULA,AMUSD,AMUSE,AMUZE,AMVIS,AMYLO,ANABO,ANAMA,ANANA,ANASA,ANCHA,ANCON,ANDES,ANDRE,ANEAR,ANELE,ANEND,ANENT,ANGAS,ANGEL,ANGER,ANGIE,ANGKA,ANGLE,ANGOR,ANGRY,ANGST,ANGUS,ANIBA,ANICE,ANIGH,ANILE,ANIMA,ANIME,ANIMI,ANION,ANISE,ANITA,ANJAN,ANJOU,ANKEE,ANKER,ANKLE,ANKOU,ANKUS,ANNAL,ANNAM,ANNAT,ANNET,ANNEX,ANNIE,ANNON,ANNOY,ANNUL,ANNUM,ANNWN,ANODE,ANOIL,ANOLE,ANOLI,ANOMY,ANOUS,ANOVA,ANSAR,ANSEL,ANSER,ANTAL,ANTAR,ANTES,ANTIC,ANTON,ANTRA,ANTRE,ANTSY,ANTUM,ANURA,ANURY,ANVIL,ANZAC,ANZIO,AOIFE,AORTA,AOTEA,AOTES,AOTUS,APACE,APAID,APAMA,APART,APEAK,APERT,APERU,APERY,APHID,APHIS,APHRA,APIAN,APIIN,APINA,APING,APIOS,APISH,APISM,APIUM,APNEA,APODA,APOOP,APORT,APOUT,APPAL,APPAY,APPET,APPLE,APPLY,APPRO,APRIL,APRON,APSIS,APTAL,APTLY,AQABA,ARABA,ARABY,ARACA,ARADO,ARAIN,ARAKE,ARAME,ARAMU,ARARA,ARATI,ARAUA,ARAVA,ARAWA,ARAWN,ARBOR,ARCED,ARCHE,ARCHY,ARCOS,ARCUS,ARDEA,ARDEB,ARDOR,ARDRI,AREAD,AREAL,AREAN,AREAR,ARECA,AREEK,AREEL,ARENA,AREND,ARENG,ARENT,ARERE,ARETE,ARGAL,ARGAS,ARGEL,ARGID,ARGIL,ARGOL,ARGON,ARGOS,ARGOT,ARGUE,ARGUN,ARGUS,ARHAR,ARHAT,ARHUS,ARIAN,ARIEL,ARIES,ARIOI,ARION,ARIOT,ARISE,ARIST,ARITE,ARITY,ARIUS,ARJUN,ARKAB,ARLES,ARMED,ARMER,ARMET,ARMIL,ARMIN,ARMOR,ARNEB,ARNEE,ARNUT,AROAR,AROCK,AROID,AROMA,AROON,AROSE,ARPEN,ARRAH,ARRAS,ARRAU,ARRAY,ARRIE,ARRIS,ARROW,ARSES,ARSIS,ARSLE,ARSON,ARSYL,ARTAL,ARTAR,ARTEL,ARTHA,ARTIE,ARTSD,ARUAC,ARUBA,ARUKE,ARULO,ARUPA,ARURU,ARUSA,ARVAL,ARVEL,ARYAN,ARZAN,ARZUN,ASALA,ASALE,ASAMA,ASANA,ASAPH,ASARH,ASCAN,ASCII,ASCON,ASCOT,ASCRY,ASCUS,ASDIC,ASEAN,ASHEN,ASHER,ASHES,ASHET,ASHIR,ASHUR,ASIAN,ASIDE,ASKAR,ASKER,ASKEW,ASKIP,ASKOS,ASLOP,ASOAK,ASOKA,ASPEN,ASPER,ASPIC,ASPIS,ASSAI,ASSAM,ASSAY,ASSET,ASSIS,ASSUR,ASTAY,ASTER,ASTIR,ASTOR,ASTUR,ASURA,ASURI,ASWAN,ASWAY,ASWIM,ASYLA,ATAVI,ATAXY,ATEBA,ATELO,ATHAR,ATHOS,ATILT,ATLAS,ATLEE,ATMAN,ATMID,ATMOS,ATNAH,ATOKE,ATOLE,ATOLL,ATOMY,ATONE,ATONY,ATOPY,ATOUR,ATRIA,ATRIP,ATTAR,ATTER,ATTIC,ATTID,ATULE,ATUNE,ATWIN,ATYPY,AUCAN,AUDAD,AUDEN,AUDIO,AUDIT,AUETO,AUGEN,AUGER,AUGHT,AUGUR,AULAE,AULIC,AULOI,AULOS,AUMIL,AUNTY,AURAE,AURAL,AURAR,AURIC,AURIN,AURIR,AURUM,AURYL,AUTEM,AUXIN,AVAHI,AVAIL,AVARS,AVAST,AVENA,AVENS,AVERA,AVERT,AVERY,AVIAN,AVICK,AVINE,AVISO,AVOID,AWABI,AWAFT,AWAIT,AWAKE,AWALD,AWALT,AWANE,AWARD,AWARE,AWASH,AWAVE,AWBER,AWEEK,AWEEL,AWEST,AWETO,AWFUL,AWHET,AWHIR,AWIDE,AWING,AWINK,AWIWI,AWNED,AWNER,AWOKE,AWORK,AXIAL,AXILE,AXINE,AXIOM,AXION,AXITE,AXLED,AXMAN,AXOID,AXONE,AYELP,AYLET,AYLLU,AYOND,AYONT,AYOUS,AZERI,AZIDE,AZIDO,AZINE,AZOCH,AZOFY,AZOIC,AZOLE,AZOTE,AZOTH,AZOXY,AZTEC,AZURE,AZURY,AZYME,BABAI,BABAR,BABBY,BABEL,BABKA,BABOO,BABUA,BABUL,BACAO,BACCA,BACCY,BACHE,BACIS,BACON,BADAN,BADGE,BADLY,BADON,BAEDA,BAFFY,BAFTA,BAGDI,BAGEL,BAGGY,BAGRE,BAHAI,BAHAM,BAHAN,BAHAR,BAHAY,BAHOE,BAHOO,BAHUR,BAHUT,BAIOC,BAIRN,BAISA,BAITH,BAIZA,BAIZE,BAJAN,BAJAU,BAJRA,BAJRI,BAKAL,BAKED,BAKEN,BAKER,BAKIE,BAKLI,BALAI,BALAK,BALAN,BALAO,BALAS,BALDR,BALDY,BALEI,BALER,BALKY,BALLI,BALLY,BALMY,BALOO,BALOR,BALOW,BALSA,BALTI,BALUT,BALZA,BANAK,BANAL,BANAT,BANBA,BANCA,BANCO,BANDA,BANDE,BANDI,BANDO,BANDY,BANFF,BANGA,BANGE,BANIG,BANJO,BANKS,BANKY,BANNS,BANTU,BANTY,BANYA,BARAD,BARBE,BARBU,BARDE,BARDO,BARDY,BARED,BARER,BARFF,BARGE,BARGH,BARIA,BARIC,BARID,BARIE,BARIS,BARIT,BARKY,BARMY,BARNY,BAROI,BARON,BARRA,BARRY,BARSE,BARTH,BARYE,BASAL,BASED,BASEL,BASES,BASIA,BASIC,BASIL,BASIN,BASIS,BASLE,BASON,BASOS,BASRA,BASSA,BASSO,BASTA,BASTE,BASTO,BATAD,BATAK,BATAN,BATCH,BATEA,BATED,BATEL,BATER,BATHE,BATIK,BATIS,BATNA,BATON,BATTA,BATTY,BATWA,BAUBO,BAUCH,BAULK,BAUME,BAUNO,BAURE,BAUTA,BAVIN,BAWDY,BAWRA,BAYAL,BAYAT,BAYED,BAYER,BAYES,BAYOK,BAYOU,BAZAR,BAZOO,BEACH,BEADS,BEADY,BEAKY,BEALA,BEAMY,BEANO,BEANT,BEANY,BEARD,BEARM,BEAST,BEATA,BEATH,BEATS,BEAUT,BEAUX,BEBAR,BEBAT,BEBAY,BEBED,BEBOG,BEBOP,BECAP,BECKY,BECRY,BECUT,BEDAD,BEDAY,BEDEL,BEDEN,BEDEW,BEDIM,BEDIN,BEDIP,BEDOG,BEDOT,BEDUB,BEDUR,BEDYE,BEECH,BEEFY,BEERY,BEEST,BEETH,BEETY,BEEVE,BEFAN,BEFIT,BEFOG,BEFOP,BEGAD,BEGAR,BEGAT,BEGAY,BEGEM,BEGET,BEGIN,BEGOB,BEGUM,BEGUN,BEGUT,BEHAP,BEHEN,BEICE,BEIGE,BEING,BEIRA,BEISA,BEJAN,BEJEL,BEJIG,BEKAH,BEKKO,BELAH,BELAM,BELAR,BELAU,BELAY,BELCH,BELEE,BELEM,BELGA,BELIE,BELIS,BELLA,BELLE,BELLY,BELOW,BELVE,BEMAD,BEMAN,BEMAR,BEMAT,BEMBA,BEMIX,BEMUD,BENAB,BENCH,BENDA,BENDS,BENDY,BENET,BENIN,BENJY,BENNE,BENNI,BENNY,BENSH,BENTY,BENZO,BEODE,BEPAT,BEPAW,BEPEN,BEPUN,BERAT,BERAY,BERCY,BERET,BERGY,BERIA,BERIT,BERNE,BEROE,BERRA,BERRI,BERRY,BERTH,BERYL,BERYX,BESAN,BESEE,BESET,BESIN,BESIT,BESOM,BESOT,BESPY,BESRA,BESSI,BESSY,BETAG,BETEL,BETHE,BETIS,BETSO,BETSY,BETTA,BETTY,BEVEL,BEVER,BEVIN,BEVUE,BEWET,BEWIG,BEZEL,BEZZI,BEZZO,BHAGA,BHALU,BHANG,BHARA,BHAVA,BHILI,BHIMA,BIABO,BIALY,BIBIO,BIBLE,BIBOS,BICHY,BIDAR,BIDDY,BIDER,BIDET,BIDRI,BIELD,BIFER,BIFID,BIGHA,BIGHT,BIGOS,BIGOT,BIHAI,BIHAM,BIHAR,BIJOU,BIKOL,BILBO,BILBY,BILCH,BILGE,BILGY,BILIC,BILIN,BILIO,BILLA,BILLY,BILSH,BIMBO,BIMLI,BINAL,BINET,BINGE,BINGO,BINGY,BINNA,BIOKO,BIOME,BIONT,BIOSE,BIOTA,BIPED,BIPOD,BIRCH,BIRDY,BIRLE,BIRMA,BIRNY,BIRON,BIRSE,BIRSY,BIRTH,BISON,BISTI,BITCH,BITER,BITIS,BITOK,BITTY,BIUNE,BIXIN,BIZEN,BIZET,BLACK,BLADE,BLADY,BLAFF,BLAHS,BLAIN,BLAIR,BLAKE,BLAME,BLANC,BLAND,BLANK,BLARE,BLART,BLASE,BLASH,BLAST,BLATE,BLAZE,BLAZY,BLEAK,BLEAR,BLEAT,BLECK,BLEED,BLEEP,BLEND,BLENT,BLESS,BLEST,BLIBE,BLICK,BLIDA,BLIGH,BLIMP,BLIMY,BLIND,BLING,BLINI,BLINK,BLINY,BLISS,BLITE,BLITT,BLITZ,BLIZZ,BLOAT,BLOCH,BLOCK,BLOKE,BLOND,BLOOD,BLOOM,BLOOP,BLORE,BLOUT,BLOWN,BLOWY,BLUER,BLUES,BLUET,BLUEY,BLUFF,BLUNK,BLUNT,BLURB,BLURT,BLUSH,BLYPE,BOANN,BOARD,BOAST,BOBAC,BOBBY,BOCAL,BOCCA,BOCCE,BOCCI,BOCHE,BOCOY,BODEN,BODER,BODGE,BODHI,BODLE,BOEHM,BOELL,BOEUF,BOFFO,BOGAN,BOGEY,BOGGY,BOGIE,BOGLE,BOGUE,BOGUM,BOGUS,BOHEA,BOHME,BOHOR,BOIKO,BOILY,BOISE,BOIST,BOKOM,BOLAG,BOLAR,BOLDO,BOLDU,BOLED,BOLIS,BOLLY,BOLTI,BOLUS,BOMBO,BONBO,BONCE,BONED,BONER,BONES,BONEY,BONGO,BONNY,BONUS,BONZE,BOOBY,BOODY,BOOKY,BOOLE,BOOLY,BOOMY,BOONE,BOONK,BOORT,BOOSE,BOOST,BOOSY,BOOTH,BOOTS,BOOTY,BOOZE,BOOZY,BORAK,BORAL,BORAN,BORAX,BORED,BOREE,BORER,BORGH,BORIC,BORIS,BORNE,BORON,BORSH,BORTY,BORTZ,BORYL,BOSCH,BOSER,BOSIE,BOSKY,BOSOM,BOSON,BOSSY,BOSUN,BOTCH,BOTHY,BOTOX,BOUGE,BOUGH,BOULE,BOUND,BOURD,BOURG,BOURN,BOUSE,BOUSY,BOUTO,BOVID,BOWED,BOWEL,BOWER,BOWET,BOWIE,BOWLA,BOWLS,BOWLY,BOWSE,BOXED,BOXEN,BOXER,BOXTY,BOYAR,BOYCE,BOYER,BOYLA,BOYLE,BOYNE,BOZAL,BOZZE,BRACA,BRACE,BRACH,BRACK,BRACT,BRADY,BRAGA,BRAGE,BRAGG,BRAGI,BRAHE,BRAHM,BRAID,BRAIL,BRAIN,BRAKE,BRAKY,BRAMA,BRAND,BRANK,BRANT,BRASH,BRASS,BRAUN,BRAVA,BRAVE,BRAVO,BRAWL,BRAWN,BRAWS,BRAXY,BRAZA,BRAZE,BREAD,BREAK,BREAM,BREBA,BRECK,BREDE,BREDI,BREED,BREEK,BREIZ,BREME,BRENT,BREST,BRETH,BRETT,BREVA,BREVE,BRIAN,BRIAR,BRIBE,BRICK,BRIDE,BRIEF,BRIER,BRILL,BRINE,BRING,BRINK,BRINY,BRISK,BRISS,BRITH,BRITS,BRITT,BRIZA,BRIZZ,BROAD,BROCA,BROCH,BROCK,BROIL,BROKE,BROLL,BROMA,BROME,BRONC,BRONK,BRONX,BROOD,BROOK,BROOL,BROOM,BROON,BROSE,BROSY,BROTH,BROWN,BRUCE,BRUCH,BRUGH,BRUIN,BRUIT,BRUKE,BRULE,BRUME,BRUNN,BRUNO,BRUNT,BRUSA,BRUSH,BRUSK,BRUTA,BRUTE,BRUZZ,BRYAN,BRYCE,BRYUM,BUAZE,BUBAL,BUBBY,BUBER,BUCCA,BUCCO,BUCHU,BUCKO,BUCKY,BUDDH,BUDDY,BUDGE,BUFFY,BUGAN,BUGGY,BUGLE,BUGRE,BUILD,BUILT,BUIST,BUKAT,BULAK,BULBY,BULGE,BULGY,BULKY,BULLA,BULLY,BULSE,BUMBO,BUMPH,BUMPY,BUNCE,BUNCH,BUNCO,BUNDA,BUNDU,BUNDY,BUNGA,BUNGO,BUNGY,BUNKO,BUNNY,BUNTY,BUNYA,BURAN,BURAO,BUREL,BURET,BURGH,BURIN,BURKA,BURKE,BURLY,BURMA,BURNS,BURNT,BURNY,BURQA,BURRO,BURRY,BURSA,BURSE,BURST,BURUT,BUSBY,BUSHI,BUSHY,BUSKY,BUSSU,BUSTY,BUTAT,BUTCH,BUTEA,BUTEO,BUTIC,BUTSU,BUTTE,BUTTY,BUTUT,BUTYL,BUTYN,BUTYR,BUXOM,BUXUS,BUYER,BUZZY,BYLAW,BYNIN,BYOUS,BYRON,BYSEN,BYWAY,CAABA,CAAMA,CABAL,CABAN,CABAS,CABBY,CABDA,CABER,CABIN,CABIO,CABLE,CABOB,CABOT,CACAM,CACAN,CACAO,CACHE,CACHI,CACTI,CACUR,CADDO,CADDY,CADER,CADET,CADEW,CADGE,CADGY,CADIZ,CADOS,CADRA,CADRE,CADUA,CADUS,CAECA,CAFFA,CAFIZ,CAGED,CAGER,CAGEY,CAGGY,CAGIT,CAHIZ,CAHOT,CAHOW,CAIRD,CAIRN,CAIRO,CAITE,CAJAN,CAJUN,CAKER,CAKEY,CALAN,CALAS,CALEB,CALID,CALIF,CALIX,CALLA,CALLI,CALLO,CALMY,CALOR,CALPE,CALVE,CALYX,CAMAN,CAMAS,CAMEL,CAMEO,CAMPA,CAMPE,CAMPO,CAMPY,CAMUS,CANAL,CANCH,CANDY,CANEL,CANER,CANID,CANIS,CANNA,CANNY,CANOE,CANON,CANSO,CANTO,CANTY,CANUN,CAOBA,CAPAX,CAPED,CAPEK,CAPEL,CAPER,CAPES,CAPET,CAPIZ,CAPON,CAPOT,CAPPY,CAPRA,CAPRI,CAPSA,CAPUT,CARAT,CARBO,CARDO,CARDS,CARER,CARET,CAREW,CAREX,CARGA,CARGO,CARIB,CARID,CARLO,CARLS,CAROA,CAROB,CAROL,CAROM,CARRY,CARSE,CARTE,CARTY,CARUA,CARUM,CARVE,CARYA,CARYL,CASAL,CASCO,CASED,CASEL,CASER,CASEY,CASHA,CASSE,CASTE,CATAN,CATCH,CATER,CATHA,CATHY,CATTI,CATTY,CAUCH,CAUDA,CAULD,CAULK,CAUMA,CAUPO,CAUSA,CAUSE,CAVAE,CAVAL,CAVEL,CAVIA,CAVIE,CAVIL,CAVUM,CAVUS,CAWKY,CAXON,CCOYA,CEASE,CEBID,CEBIL,CEBUR,CEBUS,CECAL,CECIL,CECUM,CEDAR,CEDER,CEDRE,CEDRY,CEIBA,CEIBO,CEILE,CELIA,CELLA,CELLO,CELOM,CENSE,CENTO,CEORL,CEQUI,CERAL,CERAS,CERCI,CERED,CERER,CERES,CERIA,CERIC,CERIN,CERTY,CERYL,CETIC,CETID,CETIN,CETUS,CETYL,CHACK,CHACO,CHAFE,CHAFF,CHAFT,CHAGA,CHAIN,CHAIR,CHAIS,CHAIT,CHAJA,CHAKA,CHALK,CHAMA,CHAMP,CHANE,CHANG,CHANK,CHANT,CHAOS,CHAPE,CHAPS,CHAPT,CHARA,CHARD,CHARE,CHARI,CHARK,CHARM,CHARR,CHART,CHARY,CHASE,CHASM,CHATI,CHAUI,CHAUK,CHAUS,CHAWK,CHAWL,CHAYA,CHAZY,CHEAP,CHEAT,CHECK,CHEEK,CHEEP,CHEER,CHEET,CHEIR,CHEKA,CHEKE,CHEKI,CHELA,CHELP,CHENA,CHENG,CHERA,CHERT,CHESS,CHEST,CHETH,CHEVE,CHEVY,CHEWA,CHEWY,CHIAM,CHIAN,CHICK,CHICO,CHIDE,CHIEF,CHIEN,CHILD,CHILE,CHILI,CHILL,CHIME,CHIMP,CHIMU,CHINA,CHINE,CHING,CHINK,CHINO,CHINT,CHIOS,CHIOT,CHIPS,CHIRK,CHIRM,CHIRO,CHIRP,CHIRR,CHITA,CHIVE,CHIVY,CHLOE,CHLOR,CHOCA,CHOCK,CHOCO,CHOEL,CHOES,CHOGA,CHOIL,CHOIR,CHOKE,CHOKY,CHOLA,CHOLD,CHOLI,CHOLO,CHOMP,CHOOP,CHOPA,CHORA,CHORD,CHORE,CHORT,CHOSE,CHOTT,CHOUP,CHOUS,CHOWK,CHOYA,CHRIA,CHRIS,CHUCK,CHUDE,CHUFA,CHUFF,CHUJE,CHUMP,CHUNK,CHURL,CHURM,CHURN,CHURR,CHUTE,CHYAK,CHYLE,CHYME,CIBOL,CICAD,CICER,CIDER,CIGAR,CIGUA,CILIA,CIMEX,CINCH,CINCT,CINDY,CINEL,CIPRO,CIRCA,CIRCE,CIRIO,CIRRI,CISCO,CISSY,CISTA,CITEE,CITER,CITUA,CIVET,CIVIC,CIVIL,CIVVY,CLACK,CLADE,CLAIM,CLAMB,CLAME,CLAMP,CLAMS,CLANG,CLANK,CLAPT,CLARA,CLARE,CLARK,CLARO,CLART,CLARY,CLASH,CLASP,CLASS,CLAST,CLAUT,CLAVA,CLAVE,CLAVY,CLAWK,CLEAD,CLEAM,CLEAN,CLEAR,CLEAT,CLECK,CLEEK,CLEFT,CLEGG,CLERK,CLEVE,CLEWS,CLICK,CLIFF,CLIFT,CLIMA,CLIMB,CLIME,CLINE,CLING,CLINK,CLINT,CLIPS,CLIPT,CLITE,CLIVE,CLOAK,CLOAM,CLOCK,CLOFF,CLOIT,CLOMB,CLOMP,CLONE,CLOOF,CLOOP,CLOOT,CLOSE,CLOSH,CLOTE,CLOTH,CLOUD,CLOUR,CLOUT,CLOVE,CLOWN,CLOZE,CLUCK,CLUFF,CLUMP,CLUNG,CLUNK,CLXXV,CLXXX,CLYDE,CLYER,CLYPE,CNIDA,COACH,COACT,COAID,COALY,COAPT,COARB,COAST,COATI,COAXY,COBBY,COBIA,COBLE,COBOL,COBRA,COBUS,COCCI,COCCO,COCKY,COCLE,COCOA,COCOS,COCUS,CODER,CODEX,CODOL,CODON,COGON,COGUE,COHAN,COHEN,COHOE,COHOL,COIGN,COINY,COKER,COLAN,COLIC,COLIN,COLLA,COLLY,COLON,COLOR,COLZA,COMAL,COMAN,COMBO,COMBY,COMER,COMES,COMET,COMFY,COMIC,COMID,COMMA,COMOX,COMPO,COMTE,COMUS,CONAL,CONCH,CONDO,CONED,CONER,CONES,CONEY,CONGA,CONGE,CONGO,CONIC,CONIN,CONKY,CONOR,CONOY,CONTE,CONTO,CONUS,COOBA,COOEE,COOER,COOJA,COOKE,COOKY,COOLY,COOMB,COOMY,COONY,COORG,COOSA,COOST,COPAL,COPEI,COPEN,COPER,COPIS,COPPY,COPRA,COPSE,COPSY,COPUS,COQUE,CORAH,CORAL,CORAM,CORDS,CORDY,CORED,COREE,CORER,COREY,CORGE,CORGI,CORIN,CORKE,CORKY,CORNU,CORNY,COROA,COROL,COROT,CORPS,CORSE,CORTA,CORYL,COSEC,COSET,COSSE,COSTA,COSTS,COTAN,COTCH,COTHE,COTHY,COTTA,COTTE,COTTY,COTYS,COUAC,COUCH,COUDE,COUGH,COULD,COUMA,COUNT,COUPE,COURB,COURS,COURT,COUTH,COVED,COVEN,COVER,COVET,COVEY,COVID,COVIN,COWAL,COWAN,COWER,COWLE,COWRY,COXAL,COYAN,COYLY,COYOL,COYPU,COZEN,CRABS,CRACK,CRAFT,CRAIG,CRAIN,CRAKE,CRAMP,CRANE,CRANK,CRAPE,CRAPS,CRAPY,CRARE,CRASH,CRASS,CRATE,CRAVE,CRAVO,CRAWL,CRAWM,CRAZE,CRAZY,CREAK,CREAM,CREAT,CRECY,CREDO,CREED,CREEK,CREEL,CREEM,CREEN,CREEP,CRENA,CREON,CREPE,CREPT,CREPY,CRESS,CREST,CRETA,CRETE,CRIBO,CRICK,CRIED,CRIER,CRIEY,CRILE,CRIME,CRIMP,CRINE,CRINK,CRISP,CRISS,CRITH,CRIUS,CROAK,CROAT,CROCI,CROCK,CROFT,CROHN,CROME,CRONE,CRONK,CRONY,CROOD,CROOK,CROOL,CROON,CRORE,CROSA,CROSS,CROUP,CROUT,CROWD,CROWL,CROWN,CROZE,CRUCE,CRUCK,CRUDE,CRUEL,CRUET,CRUMB,CRUMP,CRUNK,CRUNT,CRUOR,CRUSE,CRUSH,CRUST,CRUTH,CRYPT,CTENE,CUBAN,CUBBY,CUBEB,CUBER,CUBIC,CUBIT,CUDDY,CUECA,CUEVA,CUFFY,CUJAM,CULET,CULEX,CULLA,CULLY,CULMY,CULPA,CUMAL,CUMAR,CUMAY,CUMBU,CUMIC,CUMIN,CUMOL,CUMYL,CUNAN,CUNAS,CUNYE,CUNZA,CUPAY,CUPEL,CUPID,CUPPA,CUPPY,CURBY,CURCH,CURDY,CURED,CURER,CURET,CURIA,CURIE,CURIN,CURIO,CURLY,CURRY,CURSA,CURSE,CURST,CURUA,CURVE,CURVY,CUSCO,CUSEC,CUSHY,CUSIE,CUSSO,CUTCH,CUTIE,CUTIN,CUTIS,CUTTY,CUTUP,CUZCO,CXXXV,CYATH,CYCAD,CYCAS,CYCLE,CYDER,CYLIX,CYMAR,CYMBA,CYMRU,CYMRY,CYNIC,CYPRE,CYRIL,CYRUS,CYTOL,CYTON,CZECH,DABBA,DABBY,DABIH,DACCA,DACHA,DACUS,DADAP,DADDY,DAFFO,DAFFY,DAFLA,DAGAN,DAGDA,DAGGA,DAGGY,DAGON,DAHNA,DAIJO,DAILY,DAIRA,DAIRI,DAIRY,DAISY,DAIVA,DAKAR,DAKER,DAKIR,DALAR,DALEA,DALER,DALLE,DALLY,DAMAN,DAMAR,DAMIA,DAMIE,DAMME,DAMON,DAMPY,DANAI,DANAU,DANCE,DANDA,DANDY,DANIC,DANIO,DANLI,DANNY,DANTA,DANTE,DARAC,DARAF,DARAT,DARBY,DARCI,DAREN,DARER,DARES,DARGO,DARIC,DARII,DARIN,DARKY,DAROO,DARPA,DARST,DARTS,DARYL,DASHY,DASNT,DASSY,DASYA,DATCH,DATED,DATER,DATIL,DATUM,DAUBE,DAUBY,DAUNT,DAURI,DAVEN,DAVER,DAVID,DAVIS,DAVIT,DAVYS,DAWAH,DAWDY,DAWES,DAWNY,DAWUT,DAYAL,DAYAN,DAZED,DEAIR,DEALT,DEARY,DEASH,DEATH,DEAVE,DEBAR,DEBBY,DEBEN,DEBIT,DEBUG,DEBUS,DEBUT,DECAD,DECAF,DECAL,DECAN,DECAP,DECAY,DECIL,DECKE,DECOR,DECOY,DECRY,DECUS,DECYL,DEDAN,DEEDS,DEEDY,DEERE,DEFAT,DEFER,DEFOE,DEFOG,DEGAS,DEGUM,DEICE,DEIFY,DEIGN,DEINK,DEINO,DEISM,DEIST,DEITY,DEKKO,DEKLE,DELAY,DELFT,DELHI,DELIA,DELLA,DELTA,DELVE,DEMAL,DEMIT,DEMOB,DEMON,DEMOS,DEMUR,DENAT,DENDA,DENEB,DENIM,DENIS,DENSE,DENTY,DEOTA,DEPAS,DEPOH,DEPOT,DEPTH,DERAH,DERAT,DERAY,DERBY,DEREK,DERIC,DERMA,DERRY,DESEX,DESMA,DESSA,DESYL,DETAR,DETAX,DETER,DETIN,DETOX,DETUR,DEUCE,DEVIL,DEVON,DEVOW,DEWAN,DEWAR,DEWAX,DEWER,DEWEY,DHABB,DHAKA,DHAVA,DHAWA,DHERI,DHOBI,DHOLE,DHONI,DHOON,DHOTI,DHOUL,DHYAL,DIACT,DIAMB,DIANA,DIANE,DIARY,DIAZO,DICER,DICEY,DICKY,DICOT,DICTA,DIDDY,DIDIE,DIDLE,DIDNA,DIDNT,DIDST,DIDUS,DIDYM,DIEGO,DIENE,DIERI,DIFDA,DIGHT,DIGIT,DIGOR,DIJON,DIKER,DILDO,DILLI,DILLY,DIMER,DIMIT,DIMLY,DIMNA,DIMPS,DINAH,DINAR,DINER,DINGE,DINGO,DINGY,DINIC,DINKA,DINKY,DINUS,DIODE,DIONE,DIOON,DIOSE,DIOTA,DIOXY,DIPUS,DIRAC,DIRCA,DIRGE,DIRTY,DISCO,DISHY,DISME,DISNA,DITAL,DITCH,DITER,DITTO,DITTY,DIVAN,DIVEL,DIVER,DIVOT,DIVUS,DIVVY,DIWAN,DIXIE,DIXIT,DIZEN,DIZZY,DJAVE,DJINN,DJUKA,DOBBY,DOBLA,DOBRA,DODDY,DODGE,DODGY,DOEST,DOGAL,DOGGO,DOGGY,DOGIE,DOGLY,DOGMA,DOGRA,DOIGT,DOILY,DOINA,DOING,DOLBY,DOLCE,DOLIA,DOLLY,DOLOR,DOLPH,DOMAL,DOMBA,DOMED,DOMER,DOMIC,DOMPT,DONAL,DONAR,DONAX,DONEE,DONET,DONEY,DONGA,DONIA,DONNA,DONNE,DONOR,DONUM,DONUT,DOOJA,DOOLI,DOOLY,DOOMS,DOPED,DOPER,DOPEY,DORAB,DORAD,DOREE,DORIA,DORIC,DORIS,DORJE,DORMY,DORTS,DORTY,DOSED,DOSER,DOSIS,DOTAL,DOTED,DOTER,DOTTY,DOUAR,DOUBT,DOUCE,DOUGH,DOULA,DOURA,DOUSE,DOVER,DOWDY,DOWED,DOWEL,DOWER,DOWIE,DOWNY,DOWRY,DOWSE,DOYEN,DOYLE,DOYLY,DOZED,DOZEN,DOZER,DPHIL,DRABA,DRACO,DRAFF,DRAFT,DRAGO,DRAIL,DRAIN,DRAKE,DRAMA,DRAMM,DRANG,DRANK,DRANT,DRAPE,DRATE,DRAWK,DRAWL,DRAWN,DREAD,DREAM,DREAR,DRECK,DREEP,DREGS,DRENG,DRESS,DREST,DRIAS,DRIED,DRIER,DRIFT,DRILL,DRILY,DRINK,DRINN,DRISK,DRIVE,DROGH,DROIT,DROLL,DROME,DRONA,DRONE,DRONY,DROOL,DROOP,DROPT,DROSS,DROUD,DROUK,DROVE,DROVY,DROWN,DRUID,DRUNG,DRUNK,DRUPA,DRUPE,DRUSE,DRUSY,DRUXY,DRUZE,DRYAD,DRYAS,DRYER,DRYLY,DRYTH,DUALA,DUALI,DUANE,DUBAI,DUBBA,DUBBY,DUBHE,DUBYA,DUCAL,DUCAT,DUCES,DUCHY,DUCKY,DUGAL,DUHAT,DUJAN,DUKAS,DUKHN,DULAT,DULER,DULIA,DULLY,DULSE,DUMAS,DUMBA,DUMMY,DUMPS,DUMPY,DUNAL,DUNCE,DUNCH,DUNGY,DUNNE,DUNNY,DUNST,DUOLE,DUOMO,DUPER,DUPLA,DUPLE,DUPPY,DURAL,DURAX,DURER,DURGA,DURIO,DUROC,DURRA,DURRY,DURST,DURUM,DURYL,DUSIO,DUSKY,DUSTY,DUSUN,DUTCH,DUTRA,DUVET,DWALE,DWALM,DWANG,DWARF,DWEEB,DWELL,DWELT,DWINE,DWYKA,DYAUS,DYING,DYKER,DYLAN,EAGER,EAGLE,EAGRE,EAMES,EARED,EARLE,EARLY,EARTH,EASED,EASEL,EASER,EATEN,EATER,EAVED,EAVER,EAVES,EBLIS,EBOLA,EBONY,ECHEA,ECHIS,ECIZE,ECLAT,ECOID,ECOLE,ECTAD,ECTAL,EDANA,EDDER,EDDIC,EDDIE,EDEMA,EDGAR,EDGED,EDGER,EDICT,EDIFY,EDITH,EDIYA,EDONI,EDUCE,EDUCT,EDWIN,EELAM,EELER,EERIE,EFFIE,EGEST,EGGAR,EGGER,EGRET,EGYPT,EIBIT,EIDER,EIDOS,EIGEN,EIGHT,EIGNE,EIMAK,EIMER,EJECT,EKAHA,EKING,EKMAN,EKRON,ELAIN,ELAND,ELAPS,ELATE,ELBOW,ELDER,ELDIN,ELEAN,ELECT,ELEGY,ELEMI,ELEUT,ELFIC,ELFIN,ELGAR,ELIAN,ELIAS,ELIDE,ELIHU,ELINT,ELIOT,ELISA,ELITE,ELIZA,ELLAS,ELLEN,ELLUL,ELMER,ELOAH,ELOGE,ELOPE,ELOPS,ELRIC,ELSIN,ELUDE,ELUTE,ELVAN,ELVER,ELVES,ELVET,ELVIS,ELYMI,EMAIL,EMBAR,EMBAY,EMBED,EMBER,EMBOG,EMBOW,EMBOX,EMBUS,EMCEE,EMEER,EMEND,EMERY,EMESA,EMILE,EMILY,EMMER,EMMET,EMOTE,EMPEO,EMPTY,ENACT,ENAGE,ENAPT,ENARM,ENATE,ENCUP,ENDED,ENDER,ENDEW,ENDOW,ENDUE,ENEAS,ENEMA,ENEMY,ENETS,ENGEM,ENHAT,ENIAC,ENJOY,ENLIL,ENNUI,ENOCH,ENOIL,ENORM,ENRAY,ENRIB,ENROL,ENRUT,ENSIS,ENSKY,ENSUE,ENTAD,ENTAL,ENTER,ENTIA,ENTRY,ENTSI,ENTSY,ENUKI,ENURE,ENVOI,ENVOY,ENZYM,EOLIC,EOSIN,EPACT,EPHAH,EPHOD,EPHOR,EPOCH,EPODE,EPONA,EPOPT,EPOXY,EPPIE,EPROM,EPSOM,EPULO,EQUAL,EQUID,EQUIP,EQUUS,ERADE,ERASE,ERATO,ERAVA,ERBIA,ERECT,EREPT,ERGAL,ERGON,ERGOT,ERIAN,ERICA,ERICK,ERIKA,ERIZO,ERNIE,ERNST,ERODE,EROSE,ERROR,ERSAR,ERUCA,ERUCT,ERUPT,ERVUM,ERWIN,ERYON,ESAKI,ESERE,ESHIN,ESKER,ESPOO,ESSAY,ESSED,ESSEN,ESSEX,ESSIE,ESTER,ESTOC,ESTOP,ESTRE,ESTUS,ETHAL,ETHAN,ETHEL,ETHER,ETHIC,ETHID,ETHOS,ETHYL,ETTLE,ETUDE,EULER,EUPAD,EURUS,EUSOL,EVADE,EVANS,EVASE,EVENK,EVENS,EVENT,EVERS,EVERT,EVERY,EVICT,EVOKE,EWDER,EWERY,EXACT,EXALT,EXCEL,EXDIE,EXEAT,EXERT,EXILE,EXIST,EXITE,EXLEX,EXODE,EXODY,EXPAT,EXPEL,EXTER,EXTOL,EXTRA,EXUDE,EXULT,EYING,EYOTY,EYRIE,EYRIR,FABES,FABLE,FACED,FACER,FACET,FACIA,FACKS,FACTY,FADDY,FADED,FADEN,FADER,FADGE,FAERY,FAFFY,FAGER,FAGIN,FAGOT,FAGUS,FAHAM,FAINS,FAINT,FAIRM,FAIRY,FAITH,FAKER,FAKIR,FALCO,FALLA,FALLS,FALLY,FALSE,FAMED,FANAL,FANAM,FANCY,FANGY,FANNY,FANON,FANTI,FANWE,FAQIR,FARAD,FARCE,FARCY,FARDE,FARDH,FARDO,FARER,FARGO,FARMY,FARSE,FARSI,FATAH,FATAL,FATED,FATIL,FATLY,FATSO,FATTY,FATWA,FAUGH,FAULD,FAULT,FAUNA,FAUSE,FAUST,FAUVE,FAVOR,FAVUS,FAWNY,FAYAL,FAZED,FEAST,FEATY,FEAZE,FECAL,FECES,FEDIA,FEEDY,FEERE,FEEZE,FEIGN,FEINT,FEIST,FELID,FELIS,FELIX,FELLA,FELLY,FELON,FELTY,FELUP,FEMIC,FEMUR,FENCE,FENDY,FENKS,FENNY,FEOFF,FERAE,FERAL,FERIA,FERIE,FERIO,FERLY,FERME,FERMI,FERNY,FERRI,FERRY,FESSE,FESTE,FETAL,FETCH,FETID,FETOR,FETUS,FEUAR,FEUED,FEVER,FEWER,FEZZY,FHLMC,FIARD,FIBER,FIBRE,FIBRY,FICHE,FICHU,FICUS,FIDAC,FIDES,FIDGE,FIDIA,FIELD,FIEND,FIENT,FIERY,FIFER,FIFIE,FIFTH,FIFTY,FIGGY,FIGHT,FIJIS,FIKIE,FILAO,FILAR,FILCH,FILER,FILET,FILIX,FILLE,FILLY,FILMY,FILTH,FILUM,FINAL,FINCH,FINER,FINGU,FINIS,FINNY,FIORD,FIQUE,FIRCA,FIRED,FIRER,FIRRY,FIRST,FIRTH,FISHY,FISTY,FITCH,FITLY,FITTY,FIVER,FIVES,FIXED,FIXER,FIZZY,FJELD,FJORD,FLACK,FLAFF,FLAIL,FLAIR,FLAKE,FLAKY,FLAMB,FLAME,FLAMY,FLANE,FLANK,FLAPS,FLARE,FLARY,FLASH,FLASK,FLATS,FLAVO,FLAWN,FLAWY,FLAXY,FLEAM,FLEAY,FLECK,FLEER,FLEET,FLESH,FLETA,FLETC,FLEWS,FLICK,FLIER,FLIES,FLIMP,FLING,FLINT,FLIPE,FLIRT,FLISK,FLITE,FLOAT,FLOCK,FLOEY,FLONG,FLOOD,FLOOR,FLORA,FLORY,FLOSH,FLOSS,FLOTA,FLOUR,FLOUT,FLOWN,FLOYD,FLUED,FLUER,FLUEY,FLUFF,FLUID,FLUKE,FLUKY,FLUME,FLUMP,FLUNG,FLUNK,FLUOR,FLURN,FLURR,FLUSH,FLUSK,FLUTE,FLUTY,FLYER,FLYPE,FOALY,FOAMY,FOCAL,FOCUS,FODDA,FODER,FODGE,FOEHN,FOGEY,FOGGY,FOGLE,FOGON,FOGOU,FOGUS,FOHAT,FOISM,FOIST,FOLDY,FOLIA,FOLIE,FOLIO,FOLKS,FOLKY,FOLLY,FOMES,FOMOR,FONDA,FONDU,FONLY,FOODY,FOOTS,FOOTY,FOPPY,FORAM,FORAY,FORBY,FORCE,FORDO,FORDY,FOREL,FORGE,FORGO,FORKY,FORME,FORMY,FORST,FORTE,FORTH,FORTY,FORUM,FOSIE,FOSSA,FOSSE,FOTCH,FOTUI,FOUND,FOUNT,FOUTE,FOUTH,FOVEA,FOXER,FOYER,FRACK,FRAID,FRAIK,FRAIL,FRAME,FRANC,FRANK,FRASE,FRASS,FRAUD,FRAWN,FRAYN,FRAZE,FREAK,FREAM,FRECK,FREED,FREER,FREET,FREIR,FREIT,FREMD,FREON,FRESH,FRESS,FRETT,FREUD,FREYA,FREYR,FRIAR,FRICK,FRIED,FRIER,FRIES,FRIGG,FRIJA,FRIKE,FRILL,FRISK,FRIST,FRITH,FRITT,FRITZ,FRIZE,FRIZZ,FROCK,FROND,FRONT,FROOM,FRORE,FRORY,FROSH,FROST,FROTH,FROWL,FROWN,FROWY,FROZE,FRUIT,FRUMP,FRUSH,FRYER,FUBBY,FUBSY,FUCHS,FUCUS,FUDER,FUDGE,FUDGY,FUEGO,FUFFY,FUGAL,FUGGY,FUGLE,FUGLY,FUGUE,FULAH,FULBE,FULLY,FULTH,FULTZ,FULUP,FULWA,FUMED,FUMER,FUMES,FUMET,FUNDI,FUNDS,FUNGI,FUNGO,FUNIS,FUNJE,FUNKA,FUNKY,FUNNY,FUQRA,FURAL,FURAN,FURCA,FURIL,FUROR,FURRY,FURUD,FURYL,FURZE,FURZY,FUSED,FUSEE,FUSHT,FUSIL,FUSSY,FUSTY,FUSUS,FUTON,FUTWA,FUZEE,FUZZY,GABBY,GABLE,GABON,GABOR,GABUN,GADDI,GADGE,GADID,GADUS,GAFFE,GAFSA,GAGEE,GAGER,GAGOR,GAILY,GAINE,GAINS,GAIUS,GAIZE,GALAH,GALAN,GALAX,GALEA,GALEE,GALEI,GALEN,GALET,GALEY,GALGA,GALIK,GALLA,GALLI,GALLY,GALOP,GAMBA,GAMEY,GAMIC,GAMIN,GAMMA,GAMMY,GAMOW,GAMUT,GANAM,GANCH,GANDA,GANEF,GANGA,GANGE,GANJA,GANOF,GANSU,GANSY,GANTA,GANZA,GAPER,GAPES,GAPPY,GARAD,GARBO,GARCE,GARDY,GAREH,GARLE,GAROO,GARSE,GARTH,GARUM,GASAN,GASHY,GASPY,GASSY,GATCH,GATED,GATER,GATES,GATHA,GATOR,GAUBY,GAUDI,GAUDY,GAUGE,GAULT,GAUMY,GAUNT,GAURA,GAURI,GAUSS,GAUZE,GAUZY,GAVEL,GAVIA,GAWBY,GAWKY,GAYAL,GAYLY,GAZEE,GAZEL,GAZER,GAZON,GEASE,GEBUR,GECKO,GEEST,GEIRA,GEKKO,GELID,GELLY,GEMEL,GEMMA,GEMMY,GEMOT,GEMUL,GENAL,GENEP,GENET,GENIC,GENIE,GENII,GENIN,GENIP,GENNY,GENOA,GENOM,GENOS,GENRE,GENRO,GENTY,GENUA,GENUS,GENYS,GEODE,GEOFF,GEOID,GEOTY,GERAH,GERBE,GEREA,GERIM,GERIP,GERMY,GESAN,GESSO,GESTE,GETAE,GETAH,GETIC,GETUP,GEYAN,GHANA,GHAZI,GHENT,GHOOM,GHOST,GHOUL,GIANT,GIBBI,GIBBS,GIBBY,GIBEL,GIBER,GIBIT,GIBUS,GIDAR,GIDDY,GIGOT,GIGUE,GILES,GILIA,GILIM,GILLY,GILPY,GILSE,GIMEL,GIMPY,GINEP,GINNY,GINZO,GIPON,GIPPY,GIPSY,GIRBA,GIRLY,GIRNY,GIRRU,GIRSE,GIRSH,GIRTH,GISLA,GISMO,GIVEN,GIVER,GIVEY,GIZEH,GIZMO,GLACE,GLACK,GLADE,GLADY,GLAGA,GLAIK,GLAIR,GLAKY,GLAND,GLANS,GLARE,GLARY,GLASS,GLAUM,GLAUR,GLAUX,GLAZE,GLAZY,GLEAM,GLEAN,GLEBA,GLEBE,GLEDE,GLEDY,GLEED,GLEEK,GLEET,GLENN,GLENT,GLIAL,GLIDE,GLIFF,GLIME,GLINK,GLINT,GLISK,GLITZ,GLOAM,GLOAT,GLOBE,GLOBY,GLOEA,GLOGG,GLOME,GLOOM,GLORE,GLORY,GLOSS,GLOST,GLOUT,GLOVE,GLOZE,GLUCK,GLUED,GLUER,GLUEY,GLUMA,GLUME,GLUMP,GLUON,GLUTE,GLYNN,GLYPH,GNARL,GNASH,GNAWN,GNOME,GOALA,GOATY,GOAVE,GOBAN,GOBBE,GOBBY,GOBIA,GOBIO,GODEL,GODET,GODLY,GOETY,GOFER,GOGGA,GOGOL,GOING,GOLAN,GOLDI,GOLDY,GOLEE,GOLEM,GOLGI,GOLLY,GOLOE,GOLPE,GOMEL,GOMER,GONAD,GONAL,GONDI,GONER,GONIA,GONID,GONIF,GONNE,GONYS,GONZO,GOODS,GOODY,GOOEY,GOOFY,GOOLS,GOOMA,GOONY,GOOSE,GOOSY,GORAL,GORAN,GORCE,GORER,GORGE,GORIC,GORKI,GORKY,GORRA,GORRY,GORSE,GORSY,GOSSY,GOTCH,GOTHA,GOTRA,GOUDA,GOUDY,GOUGE,GOULD,GOUMI,GOURA,GOURD,GOUTY,GOWAN,GOYIM,GOYIN,GOYLE,GRACE,GRADE,GRAFF,GRAFT,GRAIL,GRAIN,GRAIP,GRAMA,GRAME,GRAMP,GRAND,GRANE,GRANK,GRANO,GRANT,GRAPE,GRAPH,GRAPO,GRAPY,GRASP,GRASS,GRATE,GRAVE,GRAVY,GRAZE,GREAT,GREBE,GREBO,GRECE,GRECO,GREED,GREEK,GREEN,GREET,GREGE,GREGG,GREGO,GREIN,GRETA,GRIAS,GRICE,GRIDE,GRIEF,GRIEG,GRIFF,GRIFT,GRIKE,GRILL,GRIME,GRIMM,GRIMP,GRIMY,GRIND,GRIOT,GRIPE,GRIPY,GRIST,GRITH,GRITS,GROAK,GROAN,GROAT,GROFF,GROIN,GROOM,GROOP,GROOT,GROPE,GROSS,GROSZ,GROUF,GROUP,GROUT,GROVE,GROVY,GROWL,GROWN,GRUBS,GRUEL,GRUES,GRUFF,GRUIS,GRUME,GRUMP,GRUNT,GRUSH,GRUSS,GRYDE,GUABA,GUACO,GUAKA,GUAMA,GUANA,GUANO,GUARA,GUARD,GUASA,GUATO,GUAVA,GUAZA,GUBBO,GUCKI,GUDGE,GUDOK,GUESS,GUEST,GUFFY,GUGAL,GUIBA,GUIDE,GUIDO,GUIGE,GUIJO,GUILD,GUILE,GUILT,GUILY,GUISE,GUJAR,GULAE,GULAG,GULAR,GULCH,GULES,GULFY,GULIX,GULLY,GULPY,GUMBO,GUMBY,GUMLY,GUMMA,GUMMY,GUNDI,GUNDY,GUNGE,GUNNE,GUNNY,GUPPY,GURAN,GURGE,GURIC,GURLY,GURRY,GUSHY,GUSLA,GUSLE,GUSTO,GUSTY,GUTSY,GUTTA,GUTTE,GUTTI,GUTTY,GUYER,GUYOT,GUZUL,GWEED,GWELY,GWINE,GWYNN,GYGES,GYGIS,GYMEL,GYNIC,GYNNE,GYPPO,GYPSY,GYRAL,GYRIC,GYRON,GYRUS,HAART,HABAB,HABBE,HABER,HABIT,HACEK,HACHE,HACKY,HADAL,HADDO,HADES,HADJI,HAFIZ,HAGGY,HAGIA,HAICK,HAIDA,HAIFA,HAIKH,HAIKU,HAILY,HAINE,HAIRE,HAIRY,HAITI,HAJIB,HAJJI,HAKAM,HAKEA,HAKIM,HAKKA,HALAB,HALAL,HALCH,HALER,HALEY,HALLE,HALMA,HALOA,HALON,HALSE,HALVE,HAMAL,HAMAN,HAMAS,HAMEL,HAMMY,HAMSA,HAMUS,HAMZA,HANCE,HANCH,HANDS,HANDY,HANGE,HANIF,HANKS,HANKY,HANNA,HANOI,HANSA,HANSE,HAOLE,HAOMA,HAORI,HAPLY,HAPPY,HARBI,HARDY,HAREM,HARKA,HARPA,HARPO,HARPY,HARRY,HARSH,HARTE,HASAN,HASEK,HASHY,HASID,HASKY,HASTA,HASTE,HASTY,HATCH,HATED,HATER,HATHI,HATTI,HATTY,HAUGH,HAULD,HAULM,HAUNT,HAUSA,HAUSE,HAVEL,HAVEN,HAVER,HAVOC,HAWER,HAWKY,HAWOK,HAWSE,HAYDN,HAYEK,HAYES,HAYEY,HAYTI,HAZAN,HAZEL,HAZEN,HAZER,HAZLE,HEADY,HEALD,HEAPS,HEAPY,HEARD,HEART,HEATH,HEAVE,HEAVY,HEBEI,HECHT,HECTE,HEDER,HEDGE,HEDGY,HEEDY,HEEZE,HEEZY,HEFTY,HEGEL,HEIAU,HEIDI,HEIGH,HEINZ,HEIST,HEJAZ,HELEN,HELGE,HELIO,HELIX,HELLO,HELLY,HELOE,HELOT,HELVE,HEMAD,HEMAL,HEMEN,HEMIC,HEMIN,HEMOL,HEMPY,HENAD,HENCE,HENNA,HENNY,HENRY,HEPAR,HERAT,HERBY,HEREM,HERMA,HERMO,HERNE,HEROD,HERON,HERSE,HERTZ,HERVE,HESSE,HETTY,HEUAU,HEUGH,HEVEA,HEWEL,HEWER,HEXAD,HEXED,HEXER,HEXIS,HEXYL,HEYSE,HIANT,HIATE,HIDED,HIDER,HIELD,HIENZ,HIGHT,HIJAB,HIJAZ,HIKER,HILAR,HILCH,HILDA,HILLY,HILSA,HILUM,HILUS,HINAU,HINCH,HINDI,HINDU,HINGE,HINNY,HIPER,HIPPA,HIPPO,HIPPY,HIRAM,HIRED,HIREN,HIRER,HIRSE,HISPA,HITCH,HITHE,HIVER,HIVES,HMONG,HOAGY,HOARD,HOARY,HOAST,HOBBS,HOBBY,HOCCO,HOCKY,HOCUS,HODDY,HODER,HODUR,HOFFA,HOGAN,HOGGY,HOGNI,HOICK,HOISE,HOIST,HOKAN,HOKEY,HOKUM,HOLER,HOLEY,HOLIA,HOLLA,HOLLO,HOLLY,HOMAM,HOMEL,HOMER,HOMEY,HONDA,HONDO,HONEY,HONKY,HONOR,HONZO,HOOCH,HOOEY,HOOFS,HOOFY,HOOKE,HOOKS,HOOKY,HOOLY,HOOPS,HOOSE,HOOSH,HOOVE,HOPED,HOPEH,HOPEI,HOPER,HOPPY,HORAL,HORDE,HORIM,HORME,HORNE,HORNY,HORSE,HORST,HORSY,HORTA,HORUS,HOSEA,HOSED,HOSEL,HOSTA,HOTCH,HOTEI,HOTEL,HOTHR,HOTLY,HOTTA,HOUGH,HOUND,HOURI,HOURS,HOUSE,HOUSY,HOVEA,HOVEL,HOVEN,HOVER,HOWDY,HOWEA,HOWEL,HOWFF,HOWSO,HOYLE,HROLF,HSIAN,HSUAN,HUACA,HUACO,HUARI,HUAVE,HUBBA,HUBBY,HUBEL,HUCHO,HUDUD,HUFFY,HULKY,HULLO,HUMAN,HUMBO,HUMET,HUMIC,HUMID,HUMIN,HUMOR,HUMPH,HUMPY,HUMUS,HUNAN,HUNCH,HUNDI,HUNKS,HUNKY,HURDS,HURLY,HUROK,HURON,HURRI,HURRY,HURST,HURTY,HUSHO,HUSKY,HUSSY,HUTCH,HUTIA,HUZZA,HYBLA,HYDRA,HYDRO,HYENA,HYING,HYLEG,HYLIC,HYMEN,HYMIE,HYNDE,HYOID,HYPER,HYPHA,HYPHO,HYRAX,HYSON,IAMBE,IAMBI,IANFU,IANUS,IBERI,IBERT,IBOTA,IBSEN,ICACO,ICENI,ICHOR,ICICA,ICILY,ICING,ICTAL,ICTIC,ICTUS,IDAHO,IDAIC,IDANT,IDDAT,IDDIO,IDEAL,IDEAN,IDGAH,IDIOM,IDIOT,IDISM,IDIST,IDITE,IDLER,IDOLA,IDOSE,IDRYL,IDYLL,IERNE,IGARA,IGDYR,IGIGI,IGLOO,IHLAT,IHRAM,IJORE,IKONA,ILAMA,ILEAC,ILEON,ILEUM,ILEUS,ILIAC,ILIAD,ILIAL,ILIAN,ILIAU,ILIMA,ILION,ILIUM,ILLTH,ILMEN,ILOKO,ILXXX,IMAGE,IMAGO,IMAUM,IMBAN,IMBAT,IMBED,IMBER,IMBUE,IMIDE,IMINE,IMINO,IMMEW,IMMIT,IMMIX,IMPAR,IMPEL,IMPEN,IMPLY,IMPOT,IMSHI,INAJA,INANE,INAPT,INARM,INCAN,INCOG,INCUR,INCUS,INCUT,INDAN,INDEX,INDIA,INDIC,INDIE,INDRA,INDRI,INDUE,INDUS,INDYL,INEPT,INERI,INERM,INERT,INFER,INFIT,INFIX,INFRA,INGER,INGLE,INGOT,INIAL,INIGO,INION,INJUN,INKEN,INKER,INKET,INKLE,INKRA,INLAW,INLAY,INLET,INNER,INNET,INOMA,INONE,INORB,INPUT,INRUB,INRUN,INSEA,INSEE,INSET,INTER,INTIL,INTRO,INTUE,INUIT,INULA,INURE,INURN,INVAR,INWIT,IODIC,IODIN,IODOL,IONIA,IONIC,IOWAN,IOWAY,IPHIS,IPSUS,IRADE,IRAKI,IRANI,IRAQI,IRATE,IRENA,IRENE,IRFAN,IRGUN,IRIAN,IRISH,IROHA,IROKO,IRONE,IRONS,IRONY,IRPEX,IRULA,IRVIN,IRWIN,ISAAC,ISAWA,ISERE,ISEUM,ISIAC,ISLAM,ISLAY,ISLET,ISLOT,ISMAL,ISSEI,ISSUE,ISSUS,ISTLE,ITALA,ITALI,ITALY,ITCHY,ITCZE,ITEMY,ITHER,IVIED,IVORY,IXION,IXORA,IYYAR,IZARD,IZMIR,IZOTE,IZTLE,IZUMI,JABIA,JABOT,JABUL,JACAL,JACKO,JACKS,JACKY,JACOB,JADED,JAFAR,JAFFA,JAGAT,JAGER,JAGGY,JAGIR,JAGLA,JAGUA,JAHVE,JAIME,JAINA,JAKES,JAKOB,JAKUN,JALAP,JAMAN,JAMBO,JAMES,JAMIE,JAMMY,JANET,JANOS,JANTU,JANUA,JANUS,JAPAN,JAPER,JAPYX,JARED,JARMO,JARRA,JARRY,JASEY,JASON,JATHA,JATKI,JATNI,JAUNT,JAVAN,JAVER,JAWAB,JAWAN,JAWED,JAZZY,JEANS,JEANY,JEBUS,JEERY,JEHAD,JEHUP,JELAB,JELLO,JELLY,JEMEZ,JEMMY,JENNA,JENNY,JEREZ,JERIB,JERKY,JERRY,JESSE,JESUS,JETTY,JEWEL,JEWRY,JHEEL,JHOOL,JIBBY,JIBOA,JIDDA,JIFFY,JIGGY,JIHAD,JIMMY,JINGO,JINJA,JINKS,JINNI,JINNY,JIQUI,JIRGA,JITRO,JIXIE,JOCKO,JOCUM,JODEL,JOHAN,JOHNS,JOINT,JOIST,JOKER,JOKUL,JOLLY,JOLTY,JONAH,JONAS,JONES,JOOLA,JOPPA,JOREE,JORGE,JORUM,JOSHI,JOSIE,JOSIP,JOSUE,JOTTY,JOTUN,JOUGH,JOULE,JOURS,JOUST,JOWAR,JOWEL,JOWER,JOWLY,JOWPY,JOYCE,JUANG,JUBBE,JUDAH,JUDAS,JUDEA,JUDEX,JUDGE,JUFTI,JUGAL,JUGER,JUGUM,JUICE,JUICY,JULEP,JULES,JULIA,JULID,JULIE,JULIO,JULUS,JUMBA,JUMBO,JUMBY,JUMMA,JUMPY,JUNCO,JUNKY,JUNTA,JUNTO,JUPON,JURAL,JURAT,JUREL,JUROR,JUSSI,JUSTO,JUTIC,JUTKA,JUTTY,JUVIA,JUYAS,KAABA,KABEL,KABOB,KABUL,KADAI,KADMI,KADOS,KAFIR,KAFIZ,KAFKA,KAFTA,KAHAR,KAHAU,KAIMO,KAIWI,KAJAR,KAKAN,KAKAR,KAKKE,KALIF,KALKA,KALKI,KALON,KAMAO,KAMAS,KAMBA,KAMEL,KAMET,KAMIA,KAMIK,KANAE,KANAF,KANAP,KANAT,KANDE,KANDY,KANEH,KANGA,KANJI,KANSA,KANSU,KANZU,KAPAI,KAPOK,KAPPA,KAPPE,KAPUR,KAPUT,KARAT,KARBI,KARCH,KAREL,KAREN,KARMA,KAROK,KAROU,KARRI,KARST,KASAI,KASHA,KASHI,KASKA,KASSU,KATAR,KATHA,KATHY,KATIE,KATIK,KATUN,KAUAI,KAURI,KAURY,KAYAK,KAYAN,KAZAK,KAZAN,KAZOO,KEACH,KEATS,KEAWE,KEBAB,KEBLE,KECKY,KEDAR,KEDGE,KEECH,KEENA,KEEST,KEEVE,KEFIR,KEFTI,KEITA,KEITH,KELEH,KELEK,KELEP,KELLA,KELLY,KELPY,KELTY,KEMAL,KEMPT,KEMPY,KENAF,KENAI,KENCH,KENNO,KENYA,KERAT,KEREL,KERES,KERRI,KERRY,KERYX,KESEY,KETAL,KETCH,KETEN,KETOL,KETTE,KETTY,KETYL,KEVAN,KEVEL,KEVIN,KEVYN,KEYED,KHADI,KHAIR,KHAJA,KHAKI,KHAMA,KHAMI,KHASA,KHASI,KHASS,KHAYA,KHILA,KHIOS,KHMER,KHOJA,KHOKA,KHOND,KHOUM,KHUAI,KHUEN,KHUFU,KHULA,KHUZI,KHVAT,KIAAT,KIACK,KIAKI,KIANG,KIBEI,KIBIT,KIDDY,KIEYE,KIKAR,KIKKI,KILAH,KILAN,KILEH,KILEY,KILIM,KILLY,KIMMO,KINAH,KINCH,KINDA,KINGU,KININ,KINKY,KIOEA,KIOKO,KIOSK,KIOWA,KIPPY,KIRVE,KISHY,KISRA,KISSY,KISWA,KITAB,KITAN,KITAR,KITHE,KITTY,KITUL,KIVER,KIWAI,KIYAS,KIZIL,KLAUS,KLEIN,KLICK,KLIMT,KLINE,KLING,KLOPS,KLOSH,KLUTZ,KNACK,KNAPE,KNARK,KNAVE,KNAWE,KNEAD,KNEED,KNEEL,KNELL,KNELT,KNEZI,KNIAZ,KNICK,KNIFE,KNISH,KNOCK,KNOLL,KNOSP,KNOUT,KNOWE,KNOWN,KNURL,KNUTE,KNYAZ,KOALA,KOALI,KOBAN,KOBUS,KODAK,KODRO,KOERI,KOGIA,KOHEN,KOHUA,KOILA,KOINE,KOKAM,KOKAN,KOKIL,KOKIO,KOKKA,KOKRA,KOKUM,KOLAM,KOLEA,KOLIS,KOMBU,KONAK,KONDE,KONGO,KONGU,KONIA,KONOE,KOOKA,KOOKY,KOORG,KOPEK,KOPJE,KOPPA,KORAH,KORAN,KORDA,KOREA,KOREC,KORIN,KOROA,KORWA,KOSIN,KOTAL,KOTAR,KOTEX,KOTOW,KOUZA,KOVIL,KOVNA,KOVNO,KOYAN,KRAAL,KRAFT,KRAIT,KRAMA,KRAUT,KREBS,KREIS,KREMS,KRENG,KREPI,KRILL,KRINA,KRITI,KROME,KRONA,KRONE,KROON,KROSA,KROTO,KRUBI,KRUPP,KUBBA,KUDOS,KUDZU,KUFIC,KUGEL,KUKRI,KUKUI,KULAH,KULAK,KULUN,KUMAN,KUMBI,KUMIS,KUMNI,KUMYK,KUNAI,KUNBI,KURKU,KURMI,KURSK,KURTA,KURUS,KURUX,KUSAM,KUSAN,KUSHA,KUSTI,KUSUM,KUTCH,KVASS,KVINT,KWAPA,KWEEK,KWELA,KWELL,KYACK,KYLIE,KYLIX,KYOTO,KYRIE,KYUNG,KYYIV,LAANG,LABAN,LABBA,LABEL,LABIA,LABIS,LABOR,LABRA,LACCA,LACED,LACER,LACET,LACHE,LACIS,LACTO,LADEN,LADER,LADIK,LADIN,LADLE,LAETI,LAGAN,LAGEN,LAGER,LAGNA,LAGOS,LAHAR,LAICH,LAIGH,LAINE,LAIRD,LAIRY,LAITY,LAIUS,LAKER,LAKIE,LALLY,LAMBA,LAMBY,LAMEL,LAMIA,LAMIN,LAMMY,LAMNA,LAMUS,LAMUT,LANAI,LANAO,LANAS,LANAZ,LANCE,LANEY,LANGE,LANGI,LANGO,LANKY,LANNY,LANSA,LANUM,LAPEL,LAPIN,LAPON,LAPPA,LAPSE,LAPSI,LARCH,LARDY,LARGE,LARGO,LARIA,LARID,LARIN,LARIX,LARKY,LARRY,LARUS,LARVA,LARVE,LASEK,LASER,LASIK,LASIX,LASSA,LASSO,LASTY,LATAH,LATAX,LATCH,LATED,LATEN,LATER,LATES,LATEX,LATHE,LATHI,LATHY,LATIN,LATKE,LATRO,LATTE,LATUS,LAUAN,LAUDO,LAUGH,LAUIA,LAUND,LAURA,LAVER,LAVIC,LAWNY,LAWZY,LAXLY,LAYBY,LAYER,LAYIA,LAYNE,LAYUP,LAZAR,LAZIO,LEACH,LEADS,LEADY,LEAFY,LEAKY,LEANT,LEAPT,LEARN,LEARY,LEASE,LEASH,LEAST,LEATH,LEAVE,LEAVY,LEBAN,LEDEN,LEDGE,LEDGY,LEDOL,LEDUM,LEECH,LEEDS,LEEKY,LEERY,LEFTY,LEGAL,LEGER,LEGES,LEGGY,LEGIT,LEGOA,LEGUA,LEHAR,LEHUA,LEIGH,LEILA,LEITH,LEKHA,LELIA,LEMAN,LEMEL,LEMMA,LEMNA,LEMON,LEMUR,LENAD,LENCA,LENCH,LENDL,LENDU,LENIN,LENIS,LENNY,LENSE,LENTH,LENTO,LEONE,LEORA,LEPAS,LEPER,LEPPY,LEPRA,LEPUS,LEROT,LERWA,LESGH,LESIY,LESSN,LETCH,LETHE,LETTY,LETUP,LEUCH,LEUCO,LEUMA,LEUNG,LEVEE,LEVEL,LEVER,LEVIN,LEVIR,LEVIS,LEWIE,LEWIS,LEWTH,LEXIA,LEXIS,LEYTE,LHASA,LHOTA,LIANA,LIANG,LIARD,LIBBY,LIBEL,LIBER,LIBRA,LIBYA,LICCA,LICHI,LICIT,LIDAR,LIEGE,LIESH,LIEUE,LIEVE,LIFER,LIFEY,LIGAN,LIGAS,LIGER,LIGHT,LIGNE,LIKED,LIKEN,LIKER,LIKIN,LILAC,LILLE,LIMAN,LIMAX,LIMBO,LIMBU,LIMBY,LIMEN,LIMER,LIMES,LIMEY,LIMIT,LIMMA,LIMMU,LIMPA,LIMPY,LIMSY,LINAC,LINCH,LINDA,LINDO,LINDY,LINEA,LINED,LINEN,LINER,LINET,LINGA,LINGE,LINGO,LINGY,LINHA,LINIE,LININ,LINJA,LINJE,LINKS,LINKY,LINNE,LINON,LINOS,LINTY,LINUM,LINUS,LINUX,LIPAN,LIPID,LIPIN,LIPPI,LIPPY,LISLE,LISZT,LITAS,LITCH,LITER,LITHE,LITHI,LITHO,LITHY,LITRA,LITRE,LITUS,LIVED,LIVEN,LIVER,LIVID,LIVOR,LIVRE,LIWAN,LLAMA,LLANO,LLOYD,LLUDD,LOACH,LOADS,LOAMY,LOASA,LOATH,LOAVE,LOBAL,LOBAR,LOBBY,LOBED,LOCAL,LOCHY,LOCKE,LOCKY,LOCUM,LOCUS,LODGE,LODHA,LODUR,LOESS,LOEWE,LOEWI,LOFTY,LOGAN,LOGIA,LOGIC,LOGIE,LOGIN,LOGOI,LOGOS,LOHAN,LOHAR,LOINS,LOIRE,LOKAO,LOKET,LOLLY,LONAS,LONER,LONGA,LONGE,LONGS,LOOBY,LOOFA,LOONY,LOOPY,LOOSE,LOPER,LOPID,LOPPY,LORAL,LORAN,LORCA,LORDY,LORED,LOREN,LORIC,LORIS,LORRE,LORRY,LORUM,LOSEL,LOSER,LOSSY,LOTIC,LOTTA,LOTTE,LOTTO,LOTUS,LOUCH,LOUEY,LOUGH,LOUIE,LOUIS,LOULU,LOUPE,LOUSE,LOUSY,LOUTY,LOVED,LOVER,LOVOA,LOWAN,LOWER,LOWLY,LOWRY,LOWTH,LOXIA,LOXIC,LOYAL,LOZAL,LUBRA,LUCAN,LUCAS,LUCET,LUCIA,LUCID,LUCKY,LUCRE,LUFFA,LUGER,LUIAN,LUIGI,LUITE,LUKAS,LULAB,LULLI,LULLY,LUMEN,LUMMA,LUMMY,LUMPY,LUNAR,LUNCH,LUNDA,LUNEL,LUNES,LUNGE,LUNGI,LUNGY,LUNKA,LUPID,LUPIN,LUPIS,LUPUS,LURAL,LURCH,LURER,LURID,LURKY,LURRY,LUSHY,LUSKY,LUSTY,LUTAO,LUTEO,LUTER,LUTRA,LUXOR,LUXUS,LUYIA,LUZON,LYARD,LYCEE,LYCIA,LYCID,LYCUS,LYDIA,LYERY,LYGUS,LYING,LYMPH,LYNCH,LYNNE,LYONS,LYRIC,LYRID,LYSIN,LYSIS,LYSOL,LYSSA,LYTIC,LYTTA,MABEL,MACAN,MACAO,MACAU,MACAW,MACCO,MACER,MACHI,MACHO,MACLE,MACON,MACRO,MADAM,MADGE,MADIA,MADID,MADLY,MADOC,MAFIA,MAFIC,MAFOO,MAGAS,MAGGY,MAGHA,MAGHI,MAGIC,MAGMA,MAGOG,MAGOT,MAGUS,MAHAN,MAHAR,MAHDI,MAHOE,MAHRA,MAHRI,MAHUA,MAIDA,MAIDU,MAIDY,MAIID,MAINE,MAINS,MAINT,MAIRE,MAIUS,MAIZE,MAJOR,MAKAH,MAKER,MAKIN,MAKUA,MAKUK,MALAR,MALAX,MALAY,MALEO,MALIC,MALIK,MALMO,MALMY,MALTA,MALTI,MALTO,MALTY,MALUS,MALVA,MAMBA,MAMBO,MAMET,MAMEY,MAMIE,MAMMA,MAMMY,MANAL,MANAS,MANAT,MANDA,MANDE,MANED,MANEI,MANES,MANET,MANEY,MANGA,MANGE,MANGI,MANGO,MANGY,MANIA,MANIC,MANID,MANIS,MANIU,MANKY,MANLY,MANNA,MANNY,MANOC,MANOR,MANSE,MANSI,MANSO,MANTA,MANTO,MANUL,MANUS,MAORI,MAPAU,MAPLE,MAPPY,MAQUI,MARAE,MARAL,MARAT,MARCH,MARCI,MARCO,MARDY,MAREK,MARGE,MARIA,MARID,MARIE,MARIO,MARIS,MARKA,MARKO,MARKS,MARLA,MARLI,MARLY,MAROC,MAROK,MARRI,MARRY,MARSH,MARSI,MARTI,MARTU,MARTY,MARUM,MARUT,MASAI,MASER,MASHA,MASHI,MASHY,MASON,MASSA,MASSE,MASSY,MASTY,MATAI,MATAR,MATAX,MATCH,MATED,MATER,MATES,MATEY,MATHS,MATIN,MATKA,MATRA,MATSU,MATTA,MATTE,MATTI,MATTY,MATZO,MAUGH,MAUND,MAURI,MAUVE,MAVEN,MAVIK,MAVIN,MAVIS,MAWKY,MAXIM,MAYAN,MAYAS,MAYBE,MAYDA,MAYER,MAYEY,MAYNT,MAYOR,MAZDA,MAZED,MAZER,MAZIC,MAZUR,MAZUT,MBAYA,MBEYA,MBORI,MBUBA,MCKAY,MCKIM,MEADE,MEALY,MEANS,MEANT,MEANY,MEASE,MEATY,MECCA,MECON,MEDAL,MEDAN,MEDEA,MEDIA,MEDIC,MEDIO,MEDOC,MEECE,MEEKS,MEESE,MEGGY,MEILE,MEITH,MELAM,MELAS,MELBA,MELCH,MELEE,MELES,MELIA,MELIC,MELOE,MELON,MELOS,MEMEL,MENDE,MENDI,MENDS,MENIC,MENSA,MENSE,MENSH,MENSK,MERAK,MERAT,MERCH,MERCY,MEREL,MERGE,MERGH,MERIL,MERIT,MERLE,MEROP,MEROS,MERRY,MERSE,MESAD,MESAL,MESEM,MESHY,MESIC,MESNE,MESON,MESSE,MESSY,MESUA,METAD,METAL,METEL,METER,METIC,METIN,METIS,METOL,METRA,METRE,METRO,METZE,MEUSE,MEUTE,MEWER,MEZZO,MFLOP,MIAMI,MIAOU,MIAOW,MIASM,MIAUL,MIBIT,MICAH,MICHE,MICHT,MICKY,MICRO,MIDAS,MIDDY,MIDER,MIDGE,MIDGY,MIDST,MIFFY,MIGHT,MIKEY,MIKIE,MIKIR,MILAN,MILCH,MILER,MILES,MILHA,MILKY,MILLA,MILLE,MILLS,MILLY,MILNE,MILPA,MILTY,MIMEO,MIMER,MIMIC,MIMIR,MIMLY,MIMUS,MINAH,MINAR,MINCE,MINED,MINER,MINES,MINGE,MINGO,MINGY,MINIM,MINNY,MINOR,MINOS,MINOT,MINSK,MINTY,MINUS,MIQRA,MIRAC,MIRAK,MIRED,MIRID,MIRKY,MIRTH,MIRZA,MISDO,MISER,MISGO,MISKY,MISSY,MISTY,MITCH,MITER,MITIS,MITRA,MITRE,MITTY,MITUA,MIWOK,MIXED,MIXEN,MIXER,MIZAR,MIZEN,MIZZY,MLITT,MNEME,MNIUM,MOBAN,MOBBY,MOBED,MOBLE,MOCHA,MOCOA,MODAL,MODEL,MODEM,MODOC,MOGGY,MOGUL,MOHAR,MOHEL,MOHUR,MOIRA,MOIRE,MOISE,MOISM,MOIST,MOITY,MOKSA,MOKUM,MOLAL,MOLAR,MOLDY,MOLER,MOLGE,MOLKA,MOLLE,MOLLY,MOLPE,MOLTO,MOLVA,MOMMA,MOMME,MOMMY,MOMOS,MOMOT,MOMUS,MONAD,MONAL,MONAS,MONEL,MONER,MONET,MONEY,MONGO,MONNY,MONOD,MONTE,MONTH,MONTU,MONTY,MOOCH,MOODY,MOOLS,MOONY,MOORE,MOORN,MOORS,MOORY,MOOSA,MOOSE,MOOST,MOOTH,MOPAN,MOPED,MOPER,MOPES,MOPLA,MOPPY,MOPSY,MOPUS,MOQUI,MORAL,MORAN,MORAT,MORAY,MORDV,MOREL,MORES,MORGA,MORIC,MORIN,MORMO,MORNE,MOROC,MORON,MORPH,MORSE,MORTH,MORUS,MOSAN,MOSES,MOSEY,MOSGU,MOSSI,MOSSY,MOSTE,MOSUL,MOSUR,MOTED,MOTEL,MOTER,MOTET,MOTEY,MOTHY,MOTIF,MOTOR,MOTTE,MOTTO,MOUDY,MOULD,MOULE,MOULS,MOULT,MOULY,MOUND,MOUNT,MOURN,MOUSE,MOUSY,MOUTH,MOVED,MOVER,MOVIE,MOWCH,MOWER,MOWHA,MOWIE,MOWRA,MOWSE,MOWTH,MOXIE,MOYEN,MOYLE,MPRET,MSASA,MUANG,MUCIC,MUCID,MUCIN,MUCKY,MUCOR,MUCRO,MUCUS,MUDAR,MUDDE,MUDDY,MUDEE,MUDIR,MUDRA,MUFFY,MUFTI,MUFTY,MUGGY,MUGIL,MUIST,MUJIK,MUKRI,MUKTI,MULCH,MULCT,MULEY,MULGA,MULLA,MULSE,MULWI,MUMMY,MUMPS,MUNCH,MUNDA,MUNGA,MUNGE,MUNGO,MUNGY,MUNIA,MUNJA,MUNRO,MUONG,MURAL,MURAN,MURAT,MUREX,MURGA,MURID,MURKY,MURLY,MURMI,MURPH,MURRA,MURRE,MURUT,MURVA,MURZA,MUSAL,MUSAR,MUSCA,MUSCI,MUSED,MUSER,MUSGU,MUSHA,MUSHY,MUSIC,MUSIE,MUSKY,MUSSY,MUSTH,MUSTY,MUTCH,MUTED,MUTER,MUTIC,MUTON,MUZZY,MWERA,MYALL,MYLAR,MYMAR,MYNAH,MYOID,MYOMA,MYOPE,MYOPS,MYOPY,MYRON,MYRRH,MYSEL,MYSID,MYSIS,NABAK,NABAL,NABBY,NABLA,NABLE,NABOB,NACHO,NACRE,NACRY,NADIR,NAFTA,NAFUD,NAGGY,NAGHT,NAGOR,NAHOR,NAHUA,NAHUM,NAIAD,NAIAS,NAIKI,NAILY,NAIRA,NAIRY,NAISH,NAIVE,NAJAS,NAKED,NAKER,NAKIR,NAKOO,NAMAZ,NAMBE,NAMDA,NAMER,NAMES,NAMMU,NAMOI,NAMPA,NAMUR,NANAK,NANCE,NANCY,NANDA,NANDI,NANDU,NANES,NANGA,NANNA,NANNY,NANTZ,NANUS,NAOMI,NAOTO,NAPAL,NAPOO,NAPPE,NAPPY,NAQUA,NARDO,NAREN,NARES,NARIC,NARIS,NARKY,NARRA,NASAB,NASAL,NASCH,NASSA,NASTY,NASUA,NASUS,NATAL,NATCH,NATES,NATHE,NATTA,NATTY,NAUCH,NAUMK,NAUNT,NAURU,NAVAL,NAVAR,NAVEL,NAVET,NAVEW,NAVVY,NAWAB,NAYAR,NAZIM,NAZIR,NEATH,NEBBY,NEBEL,NEDDY,NEEDS,NEEDY,NEELD,NEELE,NEESE,NEEZE,NEFFY,NEFUD,NEGER,NEGEV,NEGRO,NEGUS,NEHRU,NEIGH,NEIST,NEJDI,NELLY,NEMEA,NENTA,NEOZA,NEPAL,NEPER,NERVA,NERVE,NERVI,NERVY,NESTY,NETER,NETOP,NETTY,NEUMA,NEUME,NEVEL,NEVER,NEVIS,NEVOY,NEVUS,NEWAR,NEWEL,NEWLY,NEWSY,NEXAL,NEXUM,NEXUS,NGAIO,NGAPI,NGOKO,NGUNI,NGWEE,NIALL,NIATA,NIBBY,NICAD,NICHE,NICKY,NICOL,NIDAL,NIDDM,NIDGE,NIDOR,NIDUS,NIECE,NIELS,NIEPA,NIEVE,NIFFY,NIFIC,NIFLE,NIFTY,NIGEL,NIGER,NIGGA,NIGHT,NIGRA,NIGRE,NIGUA,NIHAL,NIHAU,NIHIL,NIHON,NIKAU,NIKKO,NILOT,NIMBI,NIMBY,NINER,NINIB,NINJA,NINNY,NINON,NINOX,NINTH,NINTU,NINUT,NIOBE,NIOTA,NIPPY,NIQAB,NISAN,NISEI,NISSE,NISUS,NITCH,NITER,NITID,NITON,NITRE,NITRO,NITTY,NIUAN,NIVAL,NIXIE,NIXON,NIZAM,NJAVE,NJORD,NNRTI,NOBBY,NOBEL,NOBLE,NOBLY,NODAL,NODDY,NODED,NODUS,NOEMI,NOGAI,NOGAL,NOHOW,NOILY,NOINT,NOISE,NOISY,NOKTA,NOLLE,NOMAD,NOMIA,NOMIC,NOMOS,NONCE,NONDA,NONDO,NONES,NONET,NONIC,NONLY,NONYA,NONYL,NOOKY,NOOSE,NOPAL,NORAH,NOREG,NORGE,NORIA,NORIC,NORIE,NORMA,NORNA,NORSE,NORSK,NORTH,NORUZ,NOSED,NOSER,NOSEY,NOTAL,NOTAN,NOTCH,NOTED,NOTER,NOTUM,NOTUS,NOVEL,NOVEM,NOWAY,NOWED,NOWEL,NOXAL,NOYAU,NOYES,NSAID,NUBBY,NUBIA,NUCAL,NUCHA,NUCIN,NUDGE,NULLO,NUMDA,NUMEN,NUMMI,NUMUD,NUNCH,NUNKI,NUNKY,NUNNI,NUQUE,NURLY,NURSE,NURSY,NUSKU,NUTTY,NYALA,NYAYA,NYDIA,NYLON,NYMIL,NYMPH,NYORO,NYSSA,NYXIS,OADAL,OAKEN,OAKUM,OARED,OARIC,OASAL,OASES,OASIS,OATEN,OATES,OBEAH,OBESE,OBLEY,OBOLE,OCCAM,OCCUR,OCEAN,OCHER,OCHNA,OCHOA,OCHRE,OCHRO,OCOTE,OCQUE,OCREA,OCTAD,OCTAL,OCTAN,OCTET,OCTIC,OCTYL,OCUBY,ODDLY,ODEON,ODESA,ODETS,ODEUM,ODIST,ODIUM,ODOOM,ODOUR,OECUS,OENIN,OFFAL,OFFER,OFTEN,OFTER,OFTLY,OGDEN,OGEED,OGHAM,OGHUZ,OGIVE,OGLER,OGMIC,OHELO,OHMIC,OILED,OILER,OISIN,OKAPI,OKRUG,OLCHA,OLCHI,OLDEN,OLDER,OLDIE,OLEIC,OLEIN,OLENA,OLENT,OLIVA,OLIVE,OLLIE,OLMEC,OLOGY,OLONA,OLSON,OMAHA,OMANI,OMBER,OMEGA,OMINA,OMIYA,OMLAH,ONCIA,ONCIN,ONEGA,ONERY,ONION,ONIUM,ONKOS,ONLAY,ONMUN,ONSET,ONTAL,ONYMY,OOLAK,OOLLY,OOMPH,OOPAK,OOPOD,OOTID,OPATA,OPEPE,OPERA,OPHIC,OPHIS,OPINE,OPIUM,OPSIN,OPTEZ,OPTIC,ORACH,ORAGE,ORANG,ORANT,ORAON,ORARY,ORATE,ORBED,ORBIC,ORBIT,ORCIN,ORCUS,ORCZY,ORDER,OREAD,OREAS,ORGAN,ORGIA,ORGIC,ORGUE,ORIAS,ORIBI,ORIEL,ORION,ORIYA,ORLET,ORLON,ORLOP,ORMER,ORNIS,OROMO,ORONO,ORPIN,ORRIS,ORSEL,ORSON,ORTET,ORTHO,ORTOL,ORTYX,ORYZA,OSAGE,OSAKA,OSCAN,OSCAR,OSCIN,OSELA,OSHAC,OSIDE,OSIER,OSKAR,OSMIC,OSMIN,OSONE,OSSAL,OSSET,OSTIC,OTARY,OTATE,OTHER,OTHIN,OTKON,OTOMI,OTTAR,OTTER,OTYAK,OUABE,OUGHT,OUIJA,OUJDA,OUKIA,OULAP,OUNCE,OUNDS,OUPHE,OURIE,OUSEL,OUTBY,OUTDO,OUTED,OUTEN,OUTER,OUTGO,OUTLY,OUTRE,OUZEL,OVANT,OVARY,OVATE,OVERT,OVEST,OVILE,OVINE,OVISM,OVIST,OVOID,OVOLO,OVRAL,OVULA,OVULE,OWENS,OWGHT,OWING,OWLER,OWLET,OWNED,OWNER,OWSEN,OWSER,OXANE,OXBOW,OXBOY,OXEYE,OXFLY,OXIDE,OXIME,OXLIP,OXMAN,OXTER,OYANA,OZARK,OZAWA,OZENA,OZIAS,OZONE,PAAUW,PABIR,PABLO,PACAY,PACED,PACER,PACHA,PACHT,PADDA,PADDY,PADGE,PADLE,PADRE,PADUA,PADUS,PAEAN,PAEON,PAGAD,PAGAN,PAGER,PAGET,PAGUS,PAHMI,PAIGE,PAINE,PAINS,PAINT,PAISA,PALAR,PALAS,PALAU,PALAY,PALCH,PALEA,PALED,PALER,PALES,PALET,PALLA,PALLI,PALLU,PALLY,PALMA,PALMO,PALMY,PALPI,PALSY,PALTA,PALUS,PAMIR,PANAK,PANAX,PANDA,PANDY,PANED,PANEL,PANGA,PANGI,PANIC,PANNA,PANNE,PANOS,PANSA,PANSE,PANSY,PANTO,PANTS,PANTY,PAOLA,PAOLO,PAPAL,PAPAW,PAPER,PAPEY,PAPIO,PAPPA,PAPPI,PAPPY,PAPUA,PAPYR,PAQUE,PARAH,PARAM,PARAO,PARCH,PARDO,PAREL,PAREN,PARER,PARGE,PARGO,PARIS,PARJI,PARKA,PARKS,PARKY,PARLE,PARLY,PARMA,PAROL,PARRA,PARRY,PARSE,PARSI,PARTO,PARTS,PARTY,PARUS,PARVE,PARVO,PASAN,PASCH,PASEO,PASHA,PASHM,PASMO,PASSE,PASSO,PASTA,PASTE,PASTO,PASTY,PASUL,PATAO,PATAS,PATCH,PATEL,PATEN,PATER,PATHY,PATIO,PATKA,PATLY,PATON,PATSY,PATTA,PATTE,PATTU,PATTY,PAULA,PAULI,PAUSE,PAUXI,PAVAN,PAVED,PAVER,PAVIA,PAVID,PAVIS,PAWER,PAWKY,PAXIL,PAXTO,PAYED,PAYEE,PAYER,PAYNI,PAYOR,PDFLP,PEACE,PEACH,PEAGE,PEAKY,PEARL,PEART,PEARY,PEASY,PEATY,PEAVY,PEBAN,PECAN,PECHT,PECKY,PECOS,PEDAL,PEDEE,PEDES,PEDRO,PEDUM,PEELE,PEEOY,PEEPY,PEERY,PEEVE,PEGGY,PEINE,PEISE,PEKAN,PEKIN,PEKOE,PELEW,PELON,PELTA,PENAL,PENCE,PENDA,PENGO,PENIS,PENNA,PENNE,PENNI,PENNY,PENSY,PENTA,PEONY,PEPIN,PEPPY,PEPSI,PEPYS,PERCA,PERCH,PERCY,PERDU,PERES,PERIL,PERIT,PERKY,PERLA,PERLE,PERON,PERRY,PERSE,PERTH,PERTY,PERUN,PESAH,PESKY,PESTE,PESTO,PETAL,PETER,PETIT,PETRE,PETTY,PEUHL,PEWEE,PEWIT,PFALZ,PFUND,PHACA,PHAET,PHAGE,PHANO,PHARE,PHASE,PHASM,PHEAL,PHEBE,PHENE,PHENY,PHEON,PHIAL,PHILL,PHLOX,PHOBY,PHOCA,PHOMA,PHONE,PHONO,PHONY,PHORA,PHOSE,PHOTO,PHYLA,PHYLE,PHYMA,PHYSA,PIABA,PIANO,PIAST,PIBIT,PICAE,PICAL,PICEA,PICHI,PICKY,PICOT,PICRA,PICUL,PICUS,PIDAN,PIECE,PIEND,PIETA,PIETE,PIETY,PIEZO,PIGGY,PIGLY,PIGMY,PIKED,PIKEL,PIKER,PIKEY,PIKLE,PILAF,PILAR,PILAU,PILAW,PILCH,PILEA,PILED,PILER,PILES,PILIN,PILMY,PILON,PILOT,PILUM,PILUS,PIMAN,PINAL,PINAX,PINCH,PINDA,PINDY,PINED,PINER,PINEY,PINIC,PINKO,PINKY,PINNA,PINNY,PINON,PINOT,PINSK,PINTA,PINTE,PINTO,PINUS,PINYL,PIOTR,PIOUS,PIOXE,PIPAL,PIPED,PIPER,PIPET,PIPIL,PIPIT,PIPPY,PIPRA,PIPUL,PIQUE,PIRNY,PIROL,PISAN,PISAY,PISCO,PISHU,PISKY,PISTE,PISUM,PITAU,PITCH,PITHY,PITON,PITOT,PITTA,PIURI,PIUTE,PIVOT,PIXEL,PIXIE,PIZZA,PLACE,PLACK,PLAGA,PLAGE,PLAID,PLAIN,PLAIT,PLANE,PLANG,PLANK,PLANO,PLANT,PLASH,PLASM,PLASS,PLATE,PLATH,PLATO,PLATT,PLATY,PLAUD,PLAYA,PLAZA,PLEAD,PLEAT,PLEBE,PLEBS,PLECK,PLENY,PLEON,PLICA,PLIED,PLIER,PLIES,PLINY,PLOAT,PLOCE,PLOCK,PLOMB,PLONK,PLOOK,PLOTE,PLOUK,PLOUT,PLUCK,PLUFF,PLUMA,PLUMB,PLUME,PLUMP,PLUMY,PLUNK,PLUSH,PLUTO,PLYER,PLZEN,POACH,POBBY,POCHE,POCKY,PODAL,PODDY,PODEX,PODGE,PODGY,POESY,POGEY,POGGE,POGGY,POHNA,POILU,POIND,POINT,POISE,POKAN,POKED,POKER,POKEY,POKOM,POLAB,POLAR,POLER,POLEY,POLIO,POLIS,POLKA,POLLS,POLLY,POLOS,POLYP,POMAK,POMBE,POMBO,POMEY,POMME,POMMY,POMPA,PONCA,PONCE,PONDO,PONDY,PONEY,PONGA,PONGO,PONJA,PONKA,PONTO,POOCH,POOKA,POOLI,POOLY,POOVE,POPAL,POPPA,POPPY,PORAL,PORCH,PORED,PORER,PORGE,PORGY,PORIA,PORKY,PORNO,POROS,PORRY,PORTA,PORTE,PORTO,PORTY,PORUS,POSCA,POSED,POSER,POSEY,POSIT,POSSE,POTCH,POTER,POTOO,POTOS,POTTO,POTTY,POUCE,POUCH,POULP,POULT,POUND,POUTY,POWER,POWYS,POYOU,PRAAM,PRAHA,PRAIA,PRANA,PRANG,PRANK,PRASE,PRATE,PRATT,PRAWN,PRAYA,PREEN,PRESS,PREST,PREXY,PRIAM,PRICE,PRICH,PRICK,PRICY,PRIDE,PRIDY,PRIED,PRIER,PRILL,PRIMA,PRIME,PRIMO,PRIMP,PRIMY,PRINE,PRINK,PRINT,PRION,PRIOR,PRISE,PRISM,PRISS,PRIUS,PRIVY,PRIZE,PROAL,PROBE,PROEM,PROKE,PROLE,PRONE,PRONG,PRONK,PROOF,PROPS,PRORE,PROSE,PROSO,PROSS,PROSY,PROTE,PROTO,PROUD,PROVE,PROVO,PROWL,PROXY,PRUDE,PRUDY,PRUNE,PRUNO,PRUNT,PRYER,PRYSE,PSALM,PSEUD,PSHAV,PSHAW,PSOAS,PSORA,PSYCH,PSYOP,PTYAS,PUBAL,PUBES,PUBIC,PUBIS,PUCKA,PUDDY,PUDGE,PUDGY,PUDIC,PUDSY,PUFFY,PUGGI,PUGGY,PUGIL,PUGIN,PUIST,PUKER,PUKKA,PULER,PULEX,PULKA,PULLI,PULPY,PULSE,PUNAN,PUNCH,PUNCT,PUNGA,PUNGI,PUNIC,PUNKS,PUNKY,PUNTA,PUNTI,PUNTO,PUNTY,PUPAL,PUPIL,PUPPY,PURAU,PURDY,PURED,PUREE,PURER,PURGA,PURGE,PURIM,PURRE,PURRY,PURSE,PURSY,PURUS,PUSAN,PUSEY,PUSHY,PUSSY,PUTID,PUTIN,PUTTY,PYCHE,PYDNA,PYGAL,PYGMY,PYLAR,PYLIC,PYLON,PYOID,PYRAL,PYRAN,PYREX,PYRUS,PYXIE,PYXIS,QAEDA,QATAR,QEPIQ,QIANG,QIBLA,QUACK,QUADI,QUAFF,QUAIL,QUAKE,QUAKY,QUALE,QUALM,QUANT,QUARE,QUARK,QUARL,QUART,QUASH,QUASI,QUATA,QUAUK,QUAVE,QUAWK,QUBBA,QUEAK,QUEAL,QUEAN,QUEEN,QUEER,QUEET,QUEGH,QUELL,QUEME,QUERL,QUERN,QUERY,QUEST,QUEUE,QUICA,QUICK,QUIET,QUIFF,QUILA,QUILL,QUILT,QUINA,QUINE,QUINK,QUINT,QUIPO,QUIPU,QUIRA,QUIRE,QUIRK,QUIRL,QUIRT,QUITE,QUITO,QUITS,QUITU,QUOIN,QUOIT,QUOTA,QUOTE,QUOTH,QURAN,QURTI,RAASH,RABAT,RABBI,RABIC,RABID,RABIN,RACER,RACHE,RACON,RADAR,RADEK,RADII,RADIO,RADIX,RADON,RAFFE,RAFIK,RAFTS,RAFTY,RAGEE,RAGER,RAGGY,RAGHU,RAHUL,RAIAE,RAILS,RAINY,RAISE,RAITA,RAJAB,RAJAH,RAJIV,RAKAN,RAKER,RAKIT,RALLY,RALPH,RAMAL,RAMAN,RAMBO,RAMED,RAMEE,RAMET,RAMEX,RAMIE,RAMMY,RAMON,RAMUS,RANAL,RANCE,RANCH,RANDY,RANEE,RANGE,RANGY,RANID,RANNY,RANTY,RAPED,RAPER,RAPHE,RAPIC,RAPID,RAPPE,RASEN,RASER,RASHT,RASPY,RASSE,RASTA,RATAL,RATAN,RATCH,RATED,RATEL,RATER,RATES,RATHE,RATIO,RATTI,RATTY,RATWA,RAULI,RAUPO,RAVEL,RAVEN,RAVER,RAVIN,RAYAN,RAYED,RAYON,RAZED,RAZEE,RAZER,RAZOO,RAZOR,REAAL,REACH,REACT,READD,READY,REALM,REAMY,REARM,REASK,REASY,REATA,REAVE,REBAB,REBAG,REBAN,REBAR,REBEC,REBED,REBEG,REBEL,REBIA,REBID,REBOB,REBOP,REBOX,REBUD,REBUS,REBUT,REBUY,RECAP,RECCE,RECCO,RECCY,RECON,RECTA,RECTI,RECTO,RECUR,RECUT,REDAN,REDDY,REDIA,REDIG,REDIP,REDLY,REDOX,REDRY,REDUB,REDUE,REDUX,REDYE,REEDY,REEFY,REEKY,REESE,REESK,REEST,REEVE,REFAN,REFEL,REFER,REFIT,REFIX,REFLY,REGAL,REGES,REGET,REGGA,REGIA,REGIN,REGLE,REGMA,REGUR,REHOE,REICH,REIFY,REIGN,REIMS,REINA,REINS,REJIG,RELAP,RELAX,RELAY,RELET,RELIC,RELOT,REMAN,REMAP,REMEX,REMIT,REMIX,REMOP,REMUS,RENAL,RENEG,RENES,RENET,RENEW,RENIN,RENKY,RENNE,RENTE,REOIL,REOWN,REPAY,REPEG,REPEL,REPEN,REPEW,REPIC,REPIN,REPLY,REPOT,REREE,RERIG,REROB,REROW,RERUB,RERUN,RESAW,RESAY,RESEE,RESET,RESEW,RESEX,RESHT,RESID,RESIN,RESOW,RESTY,RESUE,RESUN,RESUP,RETAG,RETAN,RETAX,RETCH,RETEM,RETHE,RETIA,RETIE,RETIN,RETIP,RETRO,RETRY,REUEL,REUNE,REUSE,REVEL,REVER,REVET,REVIE,REVUE,REWAX,REWED,REWET,REWIN,REXEN,REYES,RHAMN,RHEAE,RHEEN,RHEIC,RHEIN,RHEMA,RHEME,RHEUM,RHINA,RHINE,RHINO,RHODA,RHOEO,RHOMB,RHONE,RHUMB,RHYME,RHYMY,RIANT,RIATA,RIBAT,RIBBY,RIBES,RICER,RICEY,RICHT,RICIN,RICKY,RIDEN,RIDER,RIDGE,RIDGY,RIFFI,RIFLE,RIFTY,RIGEL,RIGHT,RIGID,RIGIL,RIGOL,RIGOR,RILED,RILEY,RILKE,RILLY,RIMAL,RIMED,RIMER,RIMPI,RINCH,RINDE,RINDY,RINGE,RINGS,RINGY,RINKA,RINSE,RIOJA,RIPAL,RIPEN,RIPER,RIPUP,RISEN,RISER,RISHI,RISKY,RISSA,RITZY,RIVAL,RIVEL,RIVEN,RIVER,RIVET,RIYAL,RNASE,ROACH,ROADS,ROAST,ROBED,ROBER,ROBIN,ROBLE,ROBOT,ROBUR,ROCKY,ROCTA,RODEO,RODGE,RODIN,ROGAN,ROGER,ROGET,ROGUE,ROHAN,ROHOB,ROHUN,ROILY,ROIST,ROKEE,ROKER,ROKEY,ROLEO,ROLFE,ROLLO,ROMAL,ROMAN,ROMEO,ROMIC,ROMPU,ROMPY,RONCO,RONDE,RONDO,RONEO,RONGA,RONNI,ROOFY,ROOKY,ROOMS,ROOMY,ROOSA,ROOST,ROOTS,ROOTY,ROOVE,ROPER,ROPES,ROPEY,ROPHY,ROQUE,RORAL,RORIC,RORTY,ROSAL,ROSED,ROSEL,ROSET,ROSIN,ROTAL,ROTAN,ROTCH,ROTER,ROTGE,ROTOR,ROTSE,ROUGE,ROUGH,ROUGY,ROUKY,ROUND,ROUPY,ROUSE,ROUST,ROUTE,ROUTH,ROVER,ROVET,ROWAN,ROWDY,ROWED,ROWEL,ROWEN,ROWER,ROWET,ROWTY,ROXIE,ROYAL,ROYET,ROZUM,RUACH,RUANA,RUBEL,RUBIA,RUBLE,RUBOR,RUBUS,RUCHE,RUCKY,RUDAS,RUDDY,RUDGE,RUDRA,RUFUS,RUGBY,RUGGY,RUING,RULED,RULER,RUMAL,RUMAN,RUMBA,RUMBO,RUMEN,RUMEX,RUMLY,RUMMY,RUMOR,RUNBY,RUNCH,RUNDI,RUNED,RUNER,RUNIC,RUNNY,RUNTY,RUNUP,RUPEE,RUPIA,RUPIE,RURAL,RUSHY,RUSIN,RUSKY,RUSMA,RUSOT,RUSTY,RUTCH,RUTIC,RUTIN,RUTTY,RUTYL,RUVID,RYBAT,RYDER,SAALE,SAAME,SAAMI,SABAH,SABAL,SABAN,SABER,SABIA,SABIK,SABIN,SABIR,SABLE,SABLY,SABOT,SABRA,SABRE,SABZI,SACAE,SACCO,SACRA,SACRO,SADAT,SADHE,SADHU,SADIC,SADIE,SADLY,SAFAR,SAFEN,SAGAI,SAGGY,SAGRA,SAGUM,SAHIB,SAHME,SAIDA,SAIDI,SAIFY,SAIGA,SAIID,SAILY,SAIMY,SAINT,SAIPH,SAIRY,SAITE,SAIVA,SAJOU,SAKAI,SAKEL,SAKER,SAKHA,SAKTI,SALAD,SALAH,SALAI,SALAL,SALAR,SALAT,SALAY,SALEM,SALEP,SALES,SALIC,SALIM,SALIX,SALLE,SALLY,SALMA,SALMI,SALMO,SALOL,SALON,SALPA,SALSA,SALSE,SALTA,SALTY,SALVA,SALVE,SALVO,SALVY,SAMAJ,SAMAL,SAMAN,SAMAS,SAMBA,SAMBO,SAMEL,SAMEN,SAMIA,SAMIR,SAMMY,SAMOA,SAMPI,SANAA,SANAI,SANCT,SANCY,SANDS,SANDY,SANGA,SANGO,SANSI,SANTA,SANTO,SAONE,SAPAN,SAPEK,SAPID,SAPIN,SAPIR,SAPLE,SAPOR,SAPPY,SAQIB,SARAF,SARAH,SARAN,SARDA,SAREE,SARGO,SARIF,SARIN,SARIP,SARNA,SAROD,SARON,SAROS,SARPO,SARRA,SARSA,SARSI,SARUK,SARUS,SASAN,SASIN,SASSY,SATAN,SATIE,SATIN,SATYR,SAUCE,SAUCY,SAUDI,SAUGH,SAULD,SAULT,SAUNA,SAURA,SAURY,SAUTE,SAUTY,SAUVE,SAVED,SAVER,SAVIN,SAVOR,SAVOY,SAVVY,SAWAH,SAWAN,SAWED,SAWER,SAXON,SAYAL,SAYDA,SAYER,SAYID,SAZEN,SCADS,SCAFF,SCALA,SCALD,SCALE,SCALL,SCALP,SCALT,SCALY,SCAMP,SCANT,SCAPE,SCARE,SCARF,SCARN,SCARP,SCART,SCARY,SCASE,SCAUL,SCAUM,SCAUP,SCAUR,SCAUT,SCAWD,SCAWL,SCEAT,SCENA,SCEND,SCENE,SCENT,SCHMO,SCHUH,SCHWA,SCIAN,SCIND,SCION,SCIOT,SCLAV,SCLAW,SCLER,SCLIM,SCOAD,SCOBS,SCOFF,SCOKE,SCOLB,SCOLD,SCONE,SCOON,SCOOP,SCOOT,SCOPA,SCOPE,SCOPS,SCORE,SCORN,SCOTE,SCOTS,SCOTT,SCOUK,SCOUP,SCOUR,SCOUT,SCOVE,SCOVY,SCOWL,SCRAB,SCRAE,SCRAG,SCRAM,SCRAN,SCRAP,SCRAT,SCRAW,SCRAY,SCREE,SCREW,SCRIM,SCRIN,SCRIP,SCROB,SCROD,SCROG,SCROO,SCROW,SCRUB,SCRUF,SCRUM,SCUBA,SCUDI,SCUDO,SCUFF,SCUFT,SCULL,SCULP,SCURF,SCUSE,SCUTA,SCUTE,SCYLD,SCYTH,SEAMY,SEARY,SEATS,SEAVE,SEAVY,SEBUM,SECOS,SECRE,SEDAN,SEDAT,SEDER,SEDGE,SEDGY,SEDNA,SEDUM,SEECH,SEEDY,SEEGE,SEELY,SEENU,SEEPY,SEGAL,SEGNO,SEGOL,SEGUE,SEHYO,SEINE,SEISE,SEISM,SEITY,SEIZE,SEKAR,SEKER,SEKOS,SELAH,SELAR,SELES,SELLA,SELLI,SELLY,SELMA,SELVA,SEMEN,SEMIC,SEMIS,SENAM,SENCE,SENCI,SENNA,SENOR,SENSA,SENSE,SENSO,SENTE,SEOUL,SEPAD,SEPAL,SEPIA,SEPIC,SEPOY,SEPTA,SEPTI,SEQUA,SERAB,SERAI,SERAL,SERAU,SERAW,SERAX,SEREH,SERER,SERES,SERGE,SERIC,SERIF,SERIN,SERIO,SERMO,SERON,SEROW,SERRA,SERRY,SERTA,SERUM,SERUT,SERVE,SERVO,SESIA,SESMA,SESTI,SETAE,SETAL,SETON,SETUP,SEUGH,SEVEN,SEVER,SEWAN,SEWED,SEWEN,SEWER,SEXED,SEXLY,SEXTO,SFOOT,SHABU,SHACK,SHADE,SHADY,SHAFT,SHAHI,SHAHN,SHAKA,SHAKE,SHAKO,SHAKU,SHAKY,SHALE,SHALL,SHALT,SHALY,SHAMA,SHAME,SHANE,SHANG,SHANK,SHANT,SHAPE,SHAPS,SHAPY,SHARD,SHARE,SHARI,SHARK,SHARN,SHARP,SHAUL,SHAUP,SHAVE,SHAWL,SHAWM,SHAWN,SHAWY,SHEAF,SHEAL,SHEAN,SHEAR,SHEAT,SHEEN,SHEEP,SHEER,SHEET,SHEIK,SHELA,SHELD,SHELF,SHELL,SHEMA,SHEMU,SHEND,SHENG,SHEOL,SHERD,SHETH,SHEVA,SHEWA,SHIAH,SHICE,SHIDE,SHIED,SHIEL,SHIER,SHIES,SHIFT,SHIKO,SHILF,SHILH,SHILL,SHINA,SHINE,SHINY,SHIRE,SHIRK,SHIRL,SHIRR,SHIRT,SHISH,SHISN,SHITA,SHITE,SHIVA,SHIVE,SHIVY,SHLEP,SHLUH,SHOAD,SHOAL,SHOAT,SHOCK,SHODE,SHOED,SHOER,SHOES,SHOGI,SHOJI,SHOJO,SHOLA,SHOLE,SHONA,SHONE,SHOOD,SHOOI,SHOOK,SHOOL,SHOOP,SHOOR,SHOOT,SHORE,SHORN,SHORT,SHOTE,SHOTT,SHOUT,SHOVE,SHOWN,SHOWY,SHOYA,SHRAB,SHRAF,SHRAG,SHRAM,SHRAP,SHRED,SHREE,SHREW,SHRIP,SHROG,SHRUB,SHRUG,SHTIK,SHTUP,SHUBA,SHUCK,SHUFF,SHUHA,SHUNE,SHUNT,SHURE,SHURF,SHUSH,SHUTE,SHYAM,SHYER,SHYLY,SIBBY,SIBYL,SICCA,SICEL,SIDED,SIDER,SIDES,SIDHE,SIDLE,SIDON,SIDTH,SIEGE,SIENA,SIEVA,SIEVE,SIEVY,SIFAC,SIGEH,SIGHT,SIGIL,SIGLA,SIGMA,SIGYN,SIKAR,SIKET,SILAS,SILEN,SILEX,SILKS,SILKY,SILLS,SILLY,SILTY,SILVA,SILYL,SIMAL,SIMAR,SIMIA,SIMON,SINAE,SINAI,SINAL,SINCE,SINEW,SINGE,SINGH,SINIC,SINKY,SINTO,SINTU,SINUS,SIOUX,SIPER,SIPID,SIREN,SIRIH,SIRIS,SIRKI,SIRKY,SIROC,SIRUP,SISAL,SISEL,SISON,SISSU,SISSY,SITAO,SITAR,SITCH,SITHE,SITIO,SITKA,SITTA,SITUS,SIUSI,SIVAN,SIVER,SIWAN,SIXER,SIXTE,SIXTH,SIXTY,SIZAL,SIZAR,SIZED,SIZER,SIZES,SJAAK,SKAFF,SKAIR,SKANK,SKART,SKATE,SKEAN,SKEAT,SKEED,SKEEG,SKEEL,SKEEN,SKEER,SKEET,SKEIF,SKEIN,SKELF,SKELL,SKELP,SKEMP,SKENE,SKERE,SKETE,SKEWL,SKEWY,SKICE,SKIDI,SKIED,SKIER,SKIES,SKIFF,SKIFT,SKILL,SKIME,SKIMP,SKINK,SKINT,SKIRL,SKIRP,SKIRR,SKIRT,SKITE,SKIVE,SKOAL,SKOUT,SKULD,SKULK,SKULL,SKULP,SKUNK,SKUSE,SKYEY,SKYRE,SLACK,SLADE,SLAIN,SLAIT,SLAKE,SLAKY,SLAMP,SLANE,SLANG,SLANK,SLANT,SLAPE,SLARE,SLART,SLASH,SLASK,SLATE,SLATH,SLATY,SLAUM,SLAVE,SLAVI,SLECK,SLEEK,SLEEP,SLEER,SLEET,SLENT,SLEPT,SLETE,SLEWS,SLICE,SLICH,SLICK,SLIDE,SLIME,SLIMY,SLINE,SLING,SLINK,SLIPE,SLIRT,SLISH,SLITE,SLIVE,SLOAN,SLOCK,SLOKA,SLOKE,SLONE,SLONK,SLOOM,SLOOP,SLOPE,SLOPS,SLOPY,SLORP,SLOSH,SLOTE,SLOTH,SLOUR,SLOWS,SLOYD,SLUER,SLUIG,SLUIT,SLUMP,SLUNG,SLUNK,SLURP,SLUSH,SLYLY,SLYPE,SMACK,SMAIK,SMALL,SMALM,SMALT,SMARM,SMART,SMASH,SMAZE,SMEAR,SMEEK,SMEER,SMELL,SMELT,SMETH,SMICH,SMILE,SMILO,SMILY,SMIRK,SMITE,SMITH,SMOCK,SMOKE,SMOKY,SMOLT,SMOOK,SMOOS,SMOOT,SMORE,SMOTE,SMOUS,SMOUT,SMSGT,SMURR,SMUSE,SMUSH,SMUTS,SMYTH,SNACK,SNAFF,SNAFU,SNAIL,SNAKE,SNAKY,SNAPE,SNAPS,SNAPY,SNARE,SNARF,SNARK,SNARL,SNARY,SNATH,SNEAD,SNEAK,SNEAP,SNECK,SNEER,SNELL,SNERP,SNICK,SNIDE,SNIFF,SNIFT,SNIPE,SNIPS,SNIPY,SNIRL,SNIRT,SNITE,SNIVY,SNOCK,SNOEK,SNOGA,SNOKE,SNOOD,SNOOK,SNOOP,SNOOT,SNORE,SNORK,SNORT,SNOUT,SNOWK,SNOWL,SNOWY,SNUCK,SNUFF,SNURL,SNURP,SNURT,SOAKY,SOAPY,SOARY,SOAVE,SOBBY,SOBER,SOCHT,SOCII,SOCKY,SOCLE,SODDY,SODIC,SODIO,SODOM,SOFAR,SOFIA,SOFTA,SOFTY,SOGER,SOGET,SOGGY,SOILY,SOKEN,SOLAN,SOLAR,SOLAY,SOLDI,SOLDO,SOLEA,SOLED,SOLEN,SOLER,SOLES,SOLFA,SOLID,SOLIO,SOLOD,SOLON,SOLUM,SOLVE,SOMAL,SOMAN,SOMMA,SOMME,SONAR,SONGO,SONGY,SONIC,SONJA,SONLY,SONNY,SONSY,SOOKE,SOOKY,SOORD,SOOTH,SOOTY,SOPHY,SOPOR,SOPPY,SORAL,SORDA,SOREE,SOREX,SORGO,SORRA,SORRY,SORTY,SORUS,SORVA,SOSIA,SOTER,SOTHO,SOTIE,SOTIK,SOTOL,SOUGH,SOULY,SOUND,SOUPY,SOURY,SOUSA,SOUSE,SOUTH,SOWAN,SOWAR,SOWEL,SOWER,SOWLE,SOWSE,SOWTE,SOYOT,SOZIN,SPACE,SPACK,SPACY,SPADE,SPAER,SPAHI,SPAID,SPAIK,SPAIN,SPALD,SPALE,SPALL,SPALT,SPANE,SPANG,SPANK,SPANN,SPARE,SPARK,SPARM,SPART,SPARY,SPASM,SPASS,SPATE,SPAVE,SPAWL,SPAWN,SPEAK,SPEAL,SPEAN,SPEAR,SPECE,SPECK,SPECS,SPEED,SPEEL,SPEEN,SPEER,SPEKE,SPELK,SPELL,SPELT,SPEND,SPENT,SPEOS,SPERM,SPEWY,SPHEX,SPICA,SPICE,SPICK,SPICY,SPIED,SPIEL,SPIER,SPIFF,SPIKE,SPIKY,SPILE,SPILL,SPILT,SPINA,SPINE,SPINK,SPINY,SPIRE,SPIRO,SPIRT,SPIRY,SPISE,SPITE,SPITZ,SPLAT,SPLAY,SPLET,SPLIT,SPOCK,SPODE,SPOIL,SPOKE,SPOKY,SPOLE,SPONG,SPOOF,SPOOK,SPOOL,SPOOM,SPOON,SPOOR,SPOOT,SPORE,SPORK,SPORT,SPOSH,SPOTS,SPOUT,SPRAD,SPRAG,SPRAT,SPRAY,SPREE,SPRET,SPREW,SPRIG,SPRIT,SPROD,SPROG,SPRUE,SPRUG,SPUKE,SPUME,SPUMY,SPUNG,SPUNK,SPURL,SPURN,SPURT,SPUTA,SPYER,SQUAB,SQUAD,SQUAM,SQUAT,SQUAW,SQUIB,SQUID,SQUIN,SQUIT,SRUTI,STAAB,STACK,STACY,STADE,STAEL,STAFF,STAGE,STAGY,STAIA,STAID,STAIN,STAIO,STAIR,STAKE,STALE,STALK,STALL,STAMP,STAND,STANE,STANG,STANK,STAPH,STARE,STARK,STARN,STARR,START,STARY,STASH,STATE,STAUK,STAUN,STAUP,STAVE,STAWN,STAYS,STCHI,STEAD,STEAK,STEAL,STEAM,STEAN,STECH,STEED,STEEK,STEEL,STEEN,STEEP,STEER,STEID,STEIN,STELA,STELE,STELL,STEMA,STEND,STENG,STENO,STENT,STEPS,STEPT,STERE,STERI,STERK,STERN,STERO,STERT,STEVE,STEWY,STICH,STICK,STIFE,STIFF,STILE,STILL,STILT,STIME,STIMY,STINE,STING,STINK,STINT,STION,STIPA,STIPE,STIRK,STIRP,STITE,STITH,STIVE,STIVY,STOAT,STOCK,STOEP,STOFF,STOGA,STOGY,STOIC,STOKE,STOLA,STOLE,STOMA,STOMP,STOND,STONE,STONG,STONY,STOOD,STOOF,STOOK,STOOL,STOON,STOOP,STOOT,STOPA,STOPE,STOPS,STORE,STORK,STORM,STORY,STOSH,STOSS,STOUN,STOUP,STOUR,STOUT,STOVE,STOWE,STRAD,STRAE,STRAG,STRAM,STRAP,STRAW,STRAY,STREE,STREP,STRET,STREW,STREY,STRIA,STRID,STRIG,STRIP,STRIT,STRIX,STROM,STROP,STROW,STROY,STRUB,STRUE,STRUM,STRUT,STRUV,STUBB,STUCK,STUDE,STUDY,STUFF,STULL,STULM,STUMP,STUNG,STUNK,STUNT,STUPA,STUPE,STUPP,STURK,STURT,STUSS,STYAN,STYCA,STYLE,STYLO,STYMY,SUADE,SUANT,SUAVE,SUBAH,SUBER,SUBRA,SUCCI,SUCRE,SUDAN,SUDDY,SUDIC,SUDOR,SUDRA,SUDSY,SUEDE,SUETY,SUEVE,SUEVI,SUGAN,SUGAR,SUGIH,SUINA,SUINE,SUING,SUINT,SUIST,SUITE,SUITY,SUKEY,SUKUR,SULEA,SULFA,SULKA,SULKY,SULLA,SULLY,SUMAC,SUMAK,SUMER,SUMPH,SUNIL,SUNNA,SUNNI,SUNNY,SUNUP,SUOMI,SUPAI,SUPER,SUPRA,SURAH,SURAL,SURAT,SURES,SURFY,SURGE,SURGY,SURLY,SURMA,SURRA,SURYA,SUSAH,SUSAN,SUSHI,SUSIE,SUTOR,SUTRA,SUYOG,SUZAN,SWACK,SWAGE,SWAIN,SWALE,SWAMI,SWAMP,SWAMY,SWANG,SWANK,SWAPE,SWARD,SWARE,SWARF,SWARM,SWART,SWASH,SWATH,SWATI,SWAZI,SWEAL,SWEAR,SWEAT,SWEDE,SWEEP,SWEER,SWEET,SWEGO,SWELL,SWELP,SWELT,SWEPT,SWERD,SWICK,SWIFT,SWILE,SWILL,SWIMY,SWINE,SWING,SWINK,SWIPE,SWIPY,SWIRD,SWIRE,SWIRL,SWISH,SWISS,SWITH,SWOON,SWOOP,SWORD,SWORE,SWORN,SWOSH,SWUNG,SWURE,SYBIL,SYCEE,SYCON,SYLID,SYLPH,SYLVA,SYNCH,SYNGE,SYNOD,SYRIA,SYRMA,SYRUP,SZELL,TABBY,TABES,TABET,TABIC,TABID,TABIS,TABLA,TABLE,TABOG,TABOO,TABOR,TABUK,TABUN,TABUT,TACCA,TACHE,TACIT,TACKY,TACSO,TAEGU,TAFFY,TAFIA,TAGAL,TAGGY,TAGUA,TAGUS,TAHIL,TAHIN,TAHUA,TAICH,TAIGA,TAILS,TAILY,TAINO,TAINT,TAIPI,TAIPO,TAIRA,TAIRN,TAISE,TAJIK,TAKAO,TAKAR,TAKEN,TAKER,TAKIN,TAKYR,TALAK,TALAO,TALAR,TALED,TALER,TALES,TALIS,TALKS,TALKY,TALLY,TALMA,TALON,TALPA,TALUK,TALUS,TAMAS,TAMBO,TAMED,TAMER,TAMIL,TAMIS,TAMMY,TAMPA,TAMUL,TAMUS,TANAK,TANAN,TANDY,TANEY,TANGA,TANGE,TANGI,TANGO,TANGS,TANGY,TANHA,TANIA,TANKA,TANOA,TANSY,TANTI,TANYA,TANZY,TAPAS,TAPED,TAPEN,TAPER,TAPET,TAPIA,TAPIR,TAPIS,TAPOA,TAPPA,TAPUL,TAQUA,TARAF,TARAI,TARAU,TARDY,TAREA,TAREQ,TARFA,TARGE,TARIE,TARIN,TARMI,TAROC,TAROK,TAROT,TARRI,TARRY,TARSE,TARSI,TARTU,TARVE,TASCO,TASSE,TASSO,TASTE,TASTY,TATAR,TATER,TATES,TATIE,TATOU,TATTA,TATTY,TATUM,TAUBE,TAULA,TAULI,TAUNT,TAUON,TAUPE,TAUPO,TAURI,TAVER,TAWER,TAWGI,TAWIE,TAWNY,TAWPI,TAWSE,TAXED,TAXER,TAXIS,TAXON,TAXOR,TAXUS,TAYER,TAYIR,TAYRA,TAZIA,TCAWI,TCHAD,TCHAI,TCHWI,TEACH,TEAER,TEAEY,TEARS,TEART,TEARY,TEASE,TEASY,TEATY,TEAVE,TEAZE,TEBET,TECHY,TECLA,TECON,TECUM,TEDDY,TEDGE,TEEMS,TEENS,TEENY,TEEST,TEETH,TEETY,TEGUA,TEIAN,TEIID,TEIND,TEJON,TEKKE,TEKKI,TEKYA,TELAR,TELCO,TELEI,TELEX,TELIC,TELLT,TELLY,TELYN,TEMAN,TEMBE,TEMBU,TEMIN,TEMNE,TEMPE,TEMPI,TEMPO,TEMPT,TEMSE,TENAI,TENCH,TENET,TENGE,TENGU,TENIA,TENIO,TENNE,TENNO,TENON,TENOR,TENSE,TENTH,TENTY,TEPAL,TEPEE,TEPIC,TEPID,TEPOR,TERAP,TERAS,TERCE,TEREK,TERES,TEREU,TERMA,TERMS,TERNA,TERNE,TERRI,TERRY,TERSE,TERZO,TESLA,TESTA,TESTE,TESTY,TETCH,TETEL,TETON,TETRA,TETRI,TETUM,TEVET,TEWEL,TEWER,TEWIT,TEWLY,TEXAN,TEXAS,THACK,THAIS,THANA,THANE,THANK,THARF,THARM,THARP,THATN,THATS,THAVE,THAWN,THAWY,THEAH,THEAT,THEBE,THECA,THEEK,THEER,THEET,THEFT,THEGN,THEIA,THEIR,THEMA,THEME,THEOW,THERE,THERM,THESE,THETA,THEWY,THICK,THIEF,THIGH,THILK,THILL,THINE,THING,THINK,THIOL,THIRD,THIRL,THIRT,THISN,THOFT,THOKE,THOLE,THOLI,THONE,THONG,THOOM,THORE,THORN,THORO,THORP,THORT,THOSE,THOTH,THOWT,THRAM,THRAP,THRAW,THRAX,THREE,THREW,THRIP,THROB,THROE,THROU,THROW,THRUM,THRUV,THUAN,THUJA,THULE,THULR,THUMB,THUMP,THUNG,THUNK,THUOC,THURL,THURM,THURT,THYME,THYMY,TIANG,TIARA,TIBBU,TIBBY,TIBER,TIBET,TIBEY,TIBIA,TIBIT,TIBUR,TICAL,TICCA,TICER,TICKY,TICUL,TIDAL,TIDDY,TIDED,TIFFY,TIGER,TIGHT,TIGON,TIGRE,TIGUA,TIKKA,TIKOR,TIKUR,TILDA,TILDE,TILED,TILER,TILIA,TILLY,TILTH,TILTY,TIMAR,TIMBE,TIMBO,TIMED,TIMER,TIMES,TIMID,TIMNE,TIMON,TIMOR,TIMUR,TINCA,TINCT,TINEA,TINED,TINGE,TINGI,TINNE,TINNI,TINNY,TINTA,TINTY,TIPLE,TIPPY,TIPSY,TIPUP,TIRED,TIRER,TIRMA,TIROL,TIRVE,TISAR,TITAN,TITAR,TITER,TITHE,TITLE,TITRE,TITTY,TITUS,TIVER,TIWAZ,TIYIN,TIZZY,TLACO,TMEMA,TOADY,TOAST,TOBEY,TOBIN,TOBIT,TODAY,TODDY,TODEA,TODUS,TOFFY,TOGUE,TOHER,TOISE,TOITY,TOKAY,TOKEN,TOKIO,TOKYO,TOLAN,TOLDO,TOLLY,TOLYL,TOMAN,TOMAS,TOMBE,TOMIN,TOMMY,TONAL,TONED,TONER,TONGA,TONGS,TONIC,TONNA,TONNE,TONTO,TONUS,TOONA,TOOSH,TOOTH,TOPAZ,TOPEE,TOPER,TOPIA,TOPIC,TOPOS,TOPPY,TOPSL,TOPSY,TOQUE,TORAH,TORAL,TORAN,TORCH,TORED,TORIC,TORII,TORMA,TORSE,TORSK,TORSO,TORTA,TORTE,TORUS,TORVE,TOSHY,TOSSY,TOTAL,TOTEM,TOTER,TOTTY,TOTUM,TOUCH,TOUGH,TOULD,TOUPE,TOURN,TOURS,TOUSE,TOUSY,TOVAH,TOVAR,TOWAI,TOWAN,TOWEL,TOWER,TOWNY,TOXIC,TOXIN,TOXON,TOYER,TOYON,TOZEE,TOZER,TRACE,TRACK,TRACT,TRACY,TRADE,TRADY,TRAGI,TRAIK,TRAIL,TRAIN,TRAIT,TRAMA,TRAME,TRAMP,TRANK,TRANT,TRAPA,TRAPS,TRASH,TRASS,TRASY,TRAVE,TRAWL,TREAD,TREAT,TREED,TREEN,TREEY,TREMA,TREND,TRENT,TRESS,TREST,TREWS,TRIAD,TRIAL,TRIAS,TRIBE,TRICA,TRICE,TRICK,TRIED,TRIER,TRIFA,TRIGA,TRIKE,TRILL,TRINE,TRINK,TRIOR,TRIPE,TRIPY,TRIST,TRITE,TRIXY,TROAD,TROAT,TROCA,TROCK,TROCO,TRODE,TROFT,TROGS,TROIC,TROKE,TROLL,TROMP,TRONA,TRONC,TRONE,TROOP,TROOT,TROPE,TROTH,TROUT,TROVE,TRUBU,TRUCE,TRUCK,TRUDY,TRUER,TRUFF,TRULL,TRULY,TRUMP,TRUNK,TRUSH,TRUSS,TRUST,TRUTH,TRYMA,TRYPA,TRYST,TSERE,TSINE,TSUBA,TSUBO,TSUGA,TSUMA,TUARN,TUART,TUATH,TUBAE,TUBAL,TUBAR,TUBBA,TUBBY,TUBED,TUBER,TUBIG,TUBIK,TUCKY,TUCUM,TUDEL,TUDOR,TUFAN,TUFTY,TUGUI,TUISM,TUKRA,TULIP,TULLE,TULLY,TULSA,TULSI,TUMID,TUMMY,TUMOR,TUNCA,TUNED,TUNER,TUNGA,TUNGO,TUNIC,TUNIS,TUNNA,TUNNY,TUPEK,TUPIK,TUQUE,TURBO,TURCO,TURFY,TURGY,TURIN,TURIO,TURKI,TURMA,TURNS,TURPS,TURSE,TURUS,TUSKY,TUTEE,TUTIN,TUTLY,TUTOR,TUTSI,TUTTI,TUTTY,TUZLA,TWAIN,TWALE,TWALT,TWANA,TWANG,TWANK,TWANT,TWEAG,TWEAK,TWEED,TWEEG,TWEEL,TWEEN,TWEET,TWEIL,TWERE,TWERP,TWICE,TWICK,TWILL,TWILT,TWINE,TWINK,TWINS,TWINY,TWIRE,TWIRK,TWIRL,TWIRP,TWIST,TWITE,TWIXT,TYCHE,TYDIE,TYIGH,TYING,TYIYN,TYKEN,TYLER,TYLUS,TYPAL,TYPER,TYPHA,TYPIC,TYROL,TYSON,TYSTE,TZAAM,TZARA,UAUPE,UAYEB,UBYKH,UCHEE,UCKIA,UDASI,UDDER,UDELL,UDISH,UGRIC,UHLAN,UHLLO,UIGUR,UINAL,UINTA,UKASE,ULAMA,ULCER,ULEMA,ULLER,ULMIC,ULMIN,ULMUS,ULNAD,ULNAE,ULNAR,ULOID,ULTRA,ULUHI,ULULU,ULVAN,UMAUA,UMBEL,UMBER,UMBLE,UMBRA,UMIAK,UMIRI,UMMAH,UMPTY,UNACT,UNADD,UNAMI,UNAMO,UNAPT,UNARK,UNARM,UNARY,UNBAG,UNBAR,UNBAY,UNBED,UNBET,UNBID,UNBIT,UNBOG,UNBOW,UNBOX,UNBOY,UNBUD,UNCAP,UNCIA,UNCLE,UNCOY,UNCUS,UNCUT,UNDAM,UNDEN,UNDER,UNDID,UNDIG,UNDIM,UNDOG,UNDON,UNDRY,UNDUB,UNDUE,UNDUG,UNDYE,UNEYE,UNFAR,UNFED,UNFEW,UNFIT,UNFIX,UNFUR,UNGAG,UNGET,UNGKA,UNGOD,UNGOT,UNGUM,UNHAD,UNHAP,UNHAT,UNHEX,UNHID,UNHIT,UNHOT,UNIAT,UNICE,UNIFY,UNINN,UNION,UNITE,UNITY,UNJAM,UNKED,UNKEN,UNKET,UNKEY,UNKID,UNKIN,UNLAP,UNLAW,UNLAX,UNLAY,UNLED,UNLET,UNLID,UNLIE,UNLIT,UNMAD,UNMAN,UNMET,UNMEW,UNMIX,UNNEW,UNODE,UNOIL,UNOLD,UNONA,UNORN,UNOWN,UNPEG,UNPEN,UNPIN,UNPOT,UNPUT,UNRAM,UNRAY,UNRED,UNRID,UNRIG,UNRIP,UNROW,UNRRA,UNRUN,UNSAD,UNSAY,UNSEE,UNSET,UNSEW,UNSEX,UNSHY,UNSIN,UNSLY,UNSON,UNSTY,UNSUN,UNTAP,UNTAR,UNTAX,UNTIE,UNTIL,UNTIN,UNTOP,UNURN,UNUSE,UNWAN,UNWAX,UNWEB,UNWED,UNWET,UNWIG,UNWON,UNZEN,UNZIP,UPARM,UPBAR,UPBAY,UPBID,UPBUY,UPCRY,UPCUT,UPDRY,UPEAT,UPEND,UPFLY,UPGET,UPHER,UPJET,UPLAY,UPLEG,UPMIX,UPPER,UPPOP,UPRID,UPRIP,UPRUN,UPSET,UPSEY,UPSIT,UPSUN,UPSUP,UPTIE,UPUPA,UPWAX,UPWAY,URALI,URALS,URARE,URARI,URASE,URATE,URBAN,URBIC,URDEE,UREAL,UREDO,UREIC,UREID,URENA,URENT,URGER,URIAH,URIAL,URIAN,URIEL,URINE,URITE,URLAR,URLED,URMAN,URMIA,URNAE,URNAL,URSAL,URSID,URSON,URSUK,URSUS,URUBU,URUCU,USAGE,USARA,USBEG,USBEK,USENT,USHAK,USHAS,USHER,USING,USKOK,USKUB,USNEA,USNIC,USQUE,USTER,USUAL,USULI,USURE,USURP,USURY,UTCHY,UTEES,UTERI,UTICA,UTICK,UTILE,UTRUM,UTSUK,UTTER,UVATE,UVEAL,UVIOL,UVITO,UVROU,UVULA,UVVER,UYGUR,UZARA,UZBAK,UZBEG,UZBEK,VACHE,VACOA,VADIM,VADUZ,VAGAL,VAGAS,VAGUE,VAGUS,VAIRE,VAIRY,VAJRA,VAKIA,VAKIL,VALET,VALID,VALMY,VALOR,VALSA,VALSE,VALUE,VALVA,VALVE,VALYL,VANCE,VANDA,VANED,VANIR,VAPID,VAPOR,VARAN,VARDA,VARDY,VAREC,VARIX,VARNA,VARRO,VARUS,VARVE,VASAL,VASTY,VATIC,VAUDY,VAULT,VAUNT,VEALY,VEDDA,VEDIC,VEDRO,VEERY,VEGAN,VEILY,VEINY,VEJOZ,VELAL,VELAR,VELDT,VELIC,VELTE,VELUM,VENAL,VENED,VENIE,VENIN,VENOM,VENUE,VENUS,VEPSE,VERBY,VERDI,VEREK,VERGE,VERGI,VERNE,VERPA,VERRE,VERSE,VERSO,VERST,VERTU,VERVE,VESEY,VESPA,VESTA,VETCH,VEUVE,VEXED,VEXER,VEXIL,VIAND,VIBES,VIBEX,VIBIX,VICAR,VICHY,VICIA,VICKI,VICKY,VIDAL,VIDAR,VIDEO,VIDRY,VIDUA,VIDYA,VIEWY,VIFDA,VIGIA,VIGIL,VIGNA,VIGOR,VIJAO,VIJAY,VILLA,VILLE,VILNA,VILNO,VIMEN,VINAL,VINCA,VINCE,VINEA,VINED,VINER,VINIC,VINNY,VINOD,VINTA,VINYL,VIOLA,VIOXX,VIPER,VIRAL,VIREO,VIRGA,VIRGO,VIRID,VIRON,VIRTU,VIRUS,VISIE,VISIT,VISNE,VISON,VISOR,VISTA,VISTO,VITAL,VITIS,VITTA,VITUS,VIUVA,VIVAX,VIVEK,VIVER,VIVES,VIVID,VIXEN,VIZOR,VLACH,VOCAL,VODKA,VOGUE,VOGUL,VOICE,VOILE,VOLAR,VOLET,VOLGA,VOLTA,VOLVA,VOMER,VOMIT,VOTAL,VOTER,VOUCH,VOUGE,VOULI,VOWED,VOWEL,VOWER,VRAIC,VROOM,VUGGY,VULVA,VYING,WAAPA,WAASI,WABBY,WACKE,WACKO,WACKY,WADDY,WADER,WADNA,WAFER,WAFTY,WAGED,WAGER,WAGES,WAGGY,WAGON,WAHOO,WAILY,WAIRD,WAISE,WAIST,WAITE,WAIVE,WAJDA,WAKAN,WAKEN,WAKER,WAKES,WAKHI,WAKIF,WAKON,WALED,WALER,WALES,WALLY,WALSH,WALTH,WALTZ,WAMEL,WAMUS,WANDY,WANED,WANGA,WANLE,WANLY,WANNY,WANTY,WAPPO,WARCH,WARJI,WARLY,WARNT,WARRI,WARSE,WARST,WARTH,WARTY,WARUA,WARVE,WASAT,WASCO,WASEL,WASHO,WASHY,WASIR,WASNT,WASPY,WASTE,WASTY,WATAP,WATCH,WATER,WATTS,WAUCH,WAUGH,WAUNS,WAURA,WAUVE,WAVED,WAVER,WAVEY,WAWAH,WAXED,WAXEN,WAXER,WAYAO,WAYNE,WAZIR,WEAKY,WEALD,WEARY,WEAVE,WEBBY,WEBER,WECHT,WEDEL,WEDGE,WEDGY,WEEDA,WEEDS,WEEDY,WEENY,WEEPS,WEEPY,WEESH,WEEZE,WEFTY,WEIGH,WEILL,WEIRD,WEISM,WEKAU,WELCH,WELLS,WELLY,WELSH,WELTY,WENCH,WENDE,WENDI,WENDY,WENNY,WESER,WESTE,WESTY,WETLY,WEVET,WEZEN,WHACK,WHALE,WHALM,WHALP,WHALY,WHAME,WHAMP,WHAND,WHANG,WHANK,WHARE,WHARF,WHARL,WHARP,WHART,WHASE,WHATA,WHATS,WHAUK,WHAUP,WHAUR,WHEAL,WHEAM,WHEAT,WHEEL,WHEEM,WHEEN,WHEEP,WHEER,WHEFT,WHEIN,WHEKI,WHELK,WHELM,WHELP,WHERE,WHEWL,WHEWT,WHIBA,WHICH,WHICK,WHIFF,WHIFT,WHILE,WHILK,WHILL,WHILS,WHINE,WHING,WHINY,WHIPT,WHIRL,WHIRR,WHISH,WHISK,WHISP,WHIST,WHITE,WHITS,WHITY,WHIZZ,WHOLE,WHOMP,WHONE,WHOOF,WHOOP,WHORE,WHORL,WHORT,WHOSE,WHUFF,WHULK,WHUSH,WHUTE,WICCA,WICHT,WICKY,WIDDY,WIDEN,WIDOW,WIDTH,WIELD,WIFIE,WIGAN,WIGGY,WIGHT,WILDE,WILGA,WILLY,WILNO,WIMPY,WINCE,WINCH,WINDY,WINED,WINER,WINEY,WINGS,WINGY,WINLY,WINNA,WINZE,WIPER,WIRED,WIRER,WIROS,WIRRA,WISEN,WISER,WISHA,WISHT,WISPY,WISSE,WISTE,WITAN,WITCH,WITHE,WITHY,WITTY,WIVER,WIYAT,WIYOT,WIZEN,WLOKA,WOADY,WOALD,WODAN,WODEN,WODGE,WODGY,WOIBE,WOKAS,WOLDY,WOLFE,WOLFF,WOLOF,WOLVE,WOMAN,WOMBY,WONGA,WONKY,WONNA,WOODS,WOODY,WOOER,WOOFY,WOOLD,WOOLF,WOOLY,WOONS,WOOSH,WOOTZ,WOOZY,WORDS,WORDY,WORKS,WORKY,WORLD,WORMY,WORRY,WORSE,WORST,WORTH,WOTAN,WOUCH,WOUGH,WOULD,WOUND,WOVEN,WRACK,WRAMP,WRANG,WRATH,WRAWL,WREAK,WREAT,WRECK,WREST,WRICK,WRIDE,WRIED,WRIER,WRING,WRIST,WRITE,WRITH,WRIVE,WROKE,WRONG,WROTE,WROTH,WRUNG,WRYLY,WUDGE,WUHAN,WUNNA,WUZZY,WYATT,WYETH,WYLER,WYLIE,WYSON,WYVER,XANAX,XCIII,XCVII,XEBEC,XENIA,XENON,XENOS,XENYL,XERES,XERIC,XEROX,XERUS,XHOSA,XICAK,XINCA,XLIII,XLVII,XOANA,XUREL,XVIII,XXIII,XXVII,XXXII,XXXIV,XXXVI,XYLAN,XYLEM,XYLIA,XYLIC,XYLOL,XYLON,XYLYL,XYRID,XYRIS,XYSTI,YABBI,YABBY,YACAL,YACCA,YACHT,YAGUA,YAHAN,YAHOO,YAHVE,YAHWE,YAIRD,YAJNA,YAKAN,YAKIN,YAKKA,YAKUT,YALLA,YALTA,YAMEL,YAMEN,YAMEO,YAMPA,YAMPH,YANAN,YANKY,YAPLY,YAPOK,YAPPY,YAQUI,YARAK,YARAY,YARKE,YARLY,YARTH,YASHT,YASNA,YAULD,YAWNY,YAZOO,YEARA,YEARD,YEARN,YEARS,YEAST,YEATS,YEDDO,YEMEN,YENTA,YERBA,YERGA,YERTH,YESSO,YESTY,YEUKY,YEVEN,YEZDI,YEZZY,YGAPO,YIBIT,YIELD,YINCE,YINST,YIRTH,YOBBO,YOCCO,YODEL,YOGIC,YOGIN,YOICK,YOJAN,YOKEL,YOKER,YOLKY,YOMER,YOMUD,YOUFF,YOUNG,YOURN,YOURS,YOUSE,YOUTH,YOUVE,YOUZE,YOVEN,YOWIE,YPRES,YQUEM,YUCCA,YUCHI,YUCKY,YUKON,YULAN,YUMAN,YUMMY,YUNCA,YURAK,YUROK,YURTA,YURUK,ZABRA,ZABTI,ZAIRE,ZAKAT,ZAMAN,ZAMBO,ZAMIA,ZANDE,ZANTE,ZANZE,ZAPAS,ZAPUS,ZAQUE,ZARIA,ZARQA,ZAYAT,ZAYIN,ZEBRA,ZEBUB,ZEISM,ZEIST,ZEMMI,ZEMNI,ZEPPO,ZERDA,ZERMA,ZESTY,ZHMUD,ZIARA,ZIBET,ZIBIT,ZIEGA,ZIFFS,ZIHAR,ZILCH,ZILLA,ZIMBI,ZIMME,ZIMMI,ZINCO,ZIPPO,ZIPPY,ZIRAI,ZIRAK,ZIZIA,ZLOTY,ZMUDZ,ZOCCO,ZOCOR,ZOEAL,ZOGAN,ZOHAK,ZOISM,ZOIST,ZOKOR,ZOLLE,ZOMBA,ZOMBI,ZONAL,ZONAR,ZONED,ZONIC,ZONTA,ZOOID,ZOOKS,ZOONS,ZOQUE,ZORIL,ZORRO,ZOSMA,ZOWIE,ZUDDA,ZWEIG,ZYGAL,ZYGON,ZYMIC,ZYMIN,APPLES,ASHES,BEDS,BIKES,BIRDS,BOATS,BOOKS,BOOTS,BOWLS,BOXES,CARDS,CHAINS,CHAIRS,CLOUDS,COATS,CUPS,DESKS,DOORS,DRUMS,EGGS,FORKS,GLOVES,HAIRS,HANDS,HATS,HEADS,HEARTS,HEELS,HILLS,HOLES,HOOKS,HOURS,HOUSES,JEANS,JOKES,KEYS,KNEES,LAKES,LAMPS,LEAVES,LIVES,LOCKS,LOVES,LUNGS,MARKS,MICE,MOONS,PEARS,PILES,PLANES,PLUMS,ROOFS,ROOMS,SHOES,SHOWS,SITES,SKIES,SNAKES,STARS,STEPS,TEARS,TREES,WALLS,WAVES,WINDS,WIRES,WORMS,ANGELS,APPLES,ASHES,BEADS,BEAKS,BEANS,BEERS,BELTS,BIRDS,BLUES,BOOTS,BRAKES,BRICKS,BROTHS,BUCKS,BYTES,CAKES,CAMPS,CARDS,CARTS,CHAOS,CHARMS,CHECKS,CLOUDS,COUCH,CROWD,DAIRY,DATES,DEALS,DECKS,DIETS,DOORS,DRESS,DRUMS,DUNES,DUSTS,EDGES,EGGS,ERRORS,FACES,FILMS,FLAGS,FLAWS,FLIES,FLIPS,FOODS,FRUITS,GAMES,GATES,GHOST,GLUES,GOALS,GOWNS,GRAINS,GUILT,HABITS,HANDS,HEADS,HEAPS,HEATS,HERBS,HOLES,HOOPS,HOTEL,HOURS,HUNTS,INBOX,JOKES,JUMPS,KEEPS,KEYS,KICKS,KNEES,KNITS,LAKES,LEADS,LEAKS,LIFTS,LIVES,LOANS,LOCKS,LOOKS,LOVES,LUNGS,MAGIC,MAKES,MALLS,MASKS,MEALS,MEDAL,MILES,MINDS,MOONS,MOTHS,MOUTH,MOVES,MUSIC,NAILS,NEEDS,NINES,NORTH,NOSES,NOUNS,ODORS,OCEAN,OPENS,OUGHT,OVENS,PAGES,PAIRS,PARTS,PEAKS,PEARS,PILLS,PLANS,PLAYS,PLOTS,POEMS,POINTS,PRAYS,PROPS,PUMPS,QUADS,QUAYS,QUITS,QUITS,RACES,RACKS,RAILS,RAINS,RATES,RINGS,ROADS,ROOFS,ROOMS,ROOTS,ROUND,RULES,SEALS,SEATS,SHOES,SIDES,SINKS,SITES,SKIES,SMILES,SMOKE,SNAKES,SONGS,SORES,SPANS,SPINS,SPURS,STAYS,STEAK,STEPS,STICKS,STOCK,STUDS,SUITS,SURFS,SURGE,SWAPS,SWAYS,SWIMS,TAILS,TASKS,TEETH,TENTS,TIDES,TILES,TIMES,TINTS,TIRES,TOADS,TOOTH,TRAYS,TREES,TRIPS,TUBES,TUNES,TYPES,UNIONS,UNITS,URGES,USERS,VASES,VEILS,VENTS,VIRUS,VOICES,WAGES,WANDS,WARES,WAVES,WEEDS,WELLS,WINGS,WIRES,WIVES,WORDS,WORKS,WORMS,WRAPS,WRECKS,WRIST,YARDS,YEAST,YOUTH,ZEBRA,ZONES,CALLS,MAKES,MALLS,MASKS,MEALS,MEDAL,MILES,MINDS,MOONS,MOTHS,MOUTH,MOVES,MUSIC,NAILS,NEEDS,NINES,NORTH,NOSES,NOUNS,ODORS,OCEAN,OPENS,OUGHT,OVENS,PAGES,PAIRS,PARTS,PEAKS,PEARS,PILLS,PLANS,PLAYS,PLOTS,POEMS,POINTS,PRAYS,PROPS,PUMPS,QUADS,QUAYS,QUITS,RACES,RACKS,RAILS,RAINS,RATES,RINGS,ROADS,ROOFS,ROOMS,ROOTS,ROUND,RULES,SEALS,SEATS,SHOES,SIDES,SINKS,SITES,SKIES,SMILES,SMOKE,SNAKES,SONGS,SORES,SPANS,SPINS,SPURS,STAYS,STEAK,STEPS,STICKS,STOCK,STUDS,SUITS,SURFS,SURGE,SWAPS,SWAYS,SWIMS,TAILS,TASKS,TEETH,TENTS,TIDES,TILES,TIMES,TINTS,TIRES,TOADS,TOOTH,TRAYS,TREES,TRIPS,TUBES,TUNES,TYPES,UNIONS,UNITS,URGES,USERS,VASES,VEILS,VENTS,VIRUS,VOICES,WAGES,WANDS,WARES,WAVES,WEEDS,WELLS,WINGS,WIRES,WIVES,WORDS,WORKS,WORMS,WRAPS,WRECKS,WRIST,YARDS,YEAST,YOUTH,ZEBRA,ZONES,APPLES,ASHES,BEADS,BEAKS,BEANS,BEERS,BELTS,BIRDS,BLUES,BOOTS,BRAKES,BRICKS,BROTHS,BUCKS,BYTES,CAKES,CAMPS,CARDS,CARTS,CHAOS,CHARMS,CHECKS,CLOUDS,COUCH,CROWD,DAIRY,DATES,DEALS,DECKS,DIETS,DOORS,DRESS,DRUMS,DUNES,DUSTS,EDGES,EGGS,ERRORS,FACES,FILMS,FLAGS,FLAWS,FLIES,FLIPS,FOODS,FRUITS,GAMES,GATES,GHOST,GLUES,GOALS,GOWNS,GRAINS,GUILT,HABITS,HANDS,HEADS,HEAPS,HEATS,HERBS,HOLES,HOOPS,HOTEL,HOURS,RACES,RACKS,RAILS,RAINS,RATES,RINGS,ROADS,ROOFS,ROOMS,ROOTS,ROUND,RULES,SEALS,SEATS,SHOES,SIDES,SINKS,SITES,SKIES,SMILES,SMOKE,SNAKES,SONGS,SORES,SPANS,SPINS,SPURS,STAYS,STEAK,STEPS,STICKS,STOCK,STUDS,SUITS,SURFS,SURGE,SWAPS,SWAYS,SWIMS,TAILS,TASKS,TEETH,TENTS,TIDES,TILES,TIMES,TINTS,TIRES,TOADS,TOOTH,TRAYS,TREES,TRIPS,TUBES,TUNES,TYPES,UNIONS,UNITS,URGES,POOPY,USERS,VASES,VEILS,VENTS,VIRUS,VOICES,WAGES,WANDS,WARES,WAVES,WEEDS,WELLS,WINGS,WIRES,WIVES,WORDS,WORKS,WORMS,WRAPS,WRECKS,WRIST,YARDS,YEAST,YOUTH,JUKES,GEESE,FLOWS,DRAWS,FLAPS,CLAPS,BEZEL